-3 0.7184027888798777 0.7184027888798777 0 0.540925843145728
-2.997855611150822 0.718045877522997 0.718045877522997 0 0.5411059311859427
-2.995711222301644 0.7176886978274891 0.7176886978274891 0 0.5412863144167922
-2.993566833452466 0.7173312493892218 0.7173312493892218 0 0.5414669936349668
-2.991422444603288 0.7169735318031447 0.7169735318031447 0 0.5416479696401073
-2.98927805575411 0.7166155446632855 0.7166155446632855 0 0.5418292432348174
-2.987133666904932 0.7162572875627475 0.7162572875627475 0 0.5420108152246772
-2.984989278055754 0.7158987600937069 0.7158987600937069 0 0.542192686418258
-2.982844889206576 0.71553996184741 0.71553996184741 0 0.5423748576271364
-2.9807005003573983 0.7151808924141697 0.7151808924141697 0 0.5425573296659079
-2.97855611150822 0.7148215513833641 0.7148215513833641 0 0.5427401033522025
-2.976411722659042 0.7144619383434314 0.7144619383434314 0 0.5429231795066964
-2.9742673338098644 0.7141020528818693 0.7141020528818693 0 0.5431065589531303
-2.9721229449606863 0.7137418945852305 0.7137418945852305 0 0.5432902425183201
-2.969978556111508 0.7133814630391211 0.7133814630391211 0 0.5434742310321744
-2.96783416726233 0.7130207578281957 0.7130207578281957 0 0.5436585253277071
-2.9656897784131524 0.7126597785361571 0.7126597785361571 0 0.543843126241053
-2.9635453895639743 0.7122985247457508 0.7122985247457508 0 0.5440280346114834
-2.961401000714796 0.7119369960387638 0.7119369960387638 0 0.5442132512814197
-2.9592566118656185 0.7115751919960208 0.7115751919960208 0 0.5443987770964498
-2.9571122230164404 0.7112131121973818 0.7112131121973818 0 0.544584612905342
-2.9549678341672623 0.7108507562217387 0.7108507562217387 0 0.5447707595600608
-2.952823445318084 0.7104881236470116 0.7104881236470116 0 0.544957217915782
-2.9506790564689065 0.7101252140501477 0.7101252140501477 0 0.5451439888309081
-2.9485346676197284 0.7097620270071164 0.7097620270071164 0 0.5453310731670845
-2.9463902787705503 0.7093985620929071 0.7093985620929071 0 0.5455184717892134
-2.9442458899213726 0.709034818881526 0.709034818881526 0 0.5457061855654711
-2.9421015010721945 0.7086707969459934 0.7086707969459933 1.1102230246251565e-16 0.5458942153673239
-2.9399571122230164 0.7083064958583397 0.7083064958583397 0 0.5460825620695413
-2.9378127233738383 0.7079419151896035 0.7079419151896035 0 0.5462712265502151
-2.9356683345246606 0.7075770545098273 0.7075770545098273 0 0.5464602096907738
-2.9335239456754825 0.707211913388056 0.707211913388056 0 0.5466495123759995
-2.9313795568263044 0.7068464913923315 0.7068464913923315 0 0.5468391354940423
-2.9292351679771267 0.7064807880896916 0.7064807880896916 0 0.5470290799364393
-2.9270907791279486 0.706114803046166 0.706114803046166 0 0.5472193465981293
-2.9249463902787705 0.7057485358267729 0.7057485358267729 0 0.547409936377469
-2.9228020014295923 0.7053819859955168 0.7053819859955168 0 0.5476008501762514
-2.9206576125804147 0.705015153115384 0.705015153115384 0 0.5477920888997198
-2.9185132237312366 0.7046480367483405 0.7046480367483405 0 0.5479836534565881
-2.9163688348820584 0.7042806364553279 0.7042806364553279 0 0.5481755447590538
-2.9142244460328808 0.703912951796261 0.703912951796261 0 0.5483677637228179
-2.9120800571837027 0.7035449823300246 0.7035449823300246 0 0.5485603112671014
-2.9099356683345246 0.7031767276144684 0.7031767276144684 0 0.5487531883146606
-2.907791279485347 0.7028081872064069 0.7028081872064069 0 0.5489463957918075
-2.9056468906361688 0.7024393606616136 0.7024393606616136 0 0.5491399346284259
-2.9035025017869907 0.7020702475348178 0.7020702475348178 0 0.5493338057579858
-2.9013581129378125 0.7017008473797035 0.7017008473797035 0 0.549528010117567
-2.899213724088635 0.7013311597489037 0.7013311597489037 0 0.5497225486478721
-2.8970693352394568 0.7009611841939979 0.7009611841939979 0 0.5499174222932461
-2.8949249463902786 0.7005909202655091 0.7005909202655091 0 0.5501126320016944
-2.892780557541101 0.7002203675129002 0.7002203675129002 0 0.5503081787248991
-2.890636168691923 0.6998495254845705 0.6998495254845705 0 0.5505040634182411
-2.8884917798427447 0.699478393727852 0.699478393727852 0 0.5507002870408133
-2.8863473909935666 0.6991069717890076 0.6991069717890076 0 0.5508968505554428
-2.884203002144389 0.6987352592132252 0.6987352592132252 0 0.5510937549287079
-2.882058613295211 0.698363255544616 0.698363255544616 0 0.5512910011309562
-2.8799142244460327 0.6979909603262111 0.6979909603262111 0 0.551488590136325
-2.877769835596855 0.6976183730999576 0.6976183730999576 0 0.551686522922758
-2.875625446747677 0.6972454934067143 0.6972454934067143 0 0.5518848004720256
-2.873481057898499 0.6968723207862495 0.6968723207862495 0 0.5520834237697436
-2.871336669049321 0.6964988547772376 0.6964988547772376 0 0.5522823938053926
-2.869192280200143 0.6961250949172539 0.6961250949172539 0 0.5524817115723354
-2.867047891350965 0.6957510407427733 0.6957510407427733 0 0.5526813780678408
-2.864903502501787 0.6953766917891652 0.6953766917891652 0 0.552881394293097
-2.862759113652609 0.695002047590691 0.695002047590691 0 0.5530817612532378
-2.860614724803431 0.6946271076804987 0.6946271076804987 0 0.5532824799573564
-2.858470335954253 0.6942518715906216 0.6942518715906216 0 0.5534835514185286
-2.8563259471050753 0.6938763388519739 0.6938763388519739 0 0.5536849766538328
-2.854181558255897 0.6935005089943461 0.6935005089943461 0 0.5538867566843682
-2.852037169406719 0.6931243815464029 0.6931243815464029 0 0.5540888925352775
-2.849892780557541 0.6927479560356782 0.6927479560356782 0 0.5542913852357645
-2.8477483917083632 0.6923712319885724 0.6923712319885724 0 0.554494235819117
-2.845604002859185 0.6919942089303486 0.6919942089303486 0 0.5546974453227258
-2.843459614010007 0.6916168863851284 0.6916168863851284 0 0.5549010147881068
-2.8413152251608293 0.6912392638758884 0.6912392638758884 0 0.5551049452609197
-2.8391708363116512 0.6908613409244572 0.6908613409244572 0 0.5553092377909918
-2.837026447462473 0.6904831170515106 0.6904831170515106 0 0.5555138934323367
-2.834882058613295 0.6901045917765682 0.6901045917765682 0 0.5557189132431768
-2.8327376697641173 0.6897257646179905 0.6897257646179905 0 0.5559242982859641
-2.8305932809149392 0.6893466350929736 0.6893466350929736 0 0.5561300496274026
-2.828448892065761 0.6889672027175466 0.6889672027175464 2.220446049250313e-16 0.5563361683384682
-2.8263045032165834 0.6885874670065678 0.6885874670065678 0 0.556542655494433
-2.8241601143674053 0.6882074274737195 0.6882074274737194 1.1102230246251565e-16 0.5567495121748843
-2.822015725518227 0.6878270836315059 0.6878270836315059 0 0.5569567394637491
-2.819871336669049 0.6874464349912486 0.6874464349912486 0 0.5571643384493152
-2.8177269478198714 0.6870654810630821 0.6870654810630821 0 0.5573723102242527
-2.8155825589706933 0.6866842213559505 0.6866842213559505 0 0.5575806558856382
-2.813438170121515 0.6863026553776039 0.6863026553776039 0 0.5577893765349762
-2.8112937812723375 0.6859207826345942 0.6859207826345942 0 0.5579984732782224
-2.8091493924231594 0.6855386026322704 0.6855386026322704 0 0.5582079472258062
-2.8070050035739813 0.6851561148747758 0.6851561148747757 1.1102230246251565e-16 0.5584177994926539
-2.8048606147248036 0.6847733188650436 0.6847733188650436 0 0.5586280311982113
-2.8027162258756255 0.684390214104793 0.684390214104793 0 0.5588386434664687
-2.8005718370264474 0.6840068000945244 0.6840068000945244 0 0.5590496374259822
-2.7984274481772693 0.6836230763335173 0.6836230763335173 0 0.5592610142098983
-2.7962830593280916 0.6832390423198235 0.6832390423198235 0 0.5594727749559778
-2.7941386704789135 0.6828546975502655 0.6828546975502655 0 0.55968492080662
-2.7919942816297354 0.6824700415204319 0.6824700415204319 0 0.5598974529088862
-2.7898498927805577 0.682085073724672 0.682085073724672 0 0.5601103724145228
-2.7877055039313796 0.6816997936560928 0.6816997936560928 0 0.5603236804799884
-2.7855611150822015 0.6813142008065555 0.6813142008065555 0 0.560537378266476
-2.783416726233024 0.6809282946666698 0.6809282946666698 0 0.5607514669399385
-2.7812723373838457 0.6805420747257904 0.6805420747257904 0 0.5609659476711134
-2.7791279485346676 0.6801555404720139 0.6801555404720139 0 0.561180821635548
-2.7769835596854895 0.6797686913921723 0.6797686913921723 0 0.5613960900136239
-2.774839170836312 0.6793815269718315 0.6793815269718315 0 0.561611753990583
-2.7726947819871337 0.6789940466952851 0.6789940466952851 0 0.5618278147565536
-2.7705503931379556 0.6786062500455502 0.6786062500455502 0 0.5620442735065735
-2.768406004288778 0.678218136504365 0.678218136504365 0 0.5622611314406182
-2.7662616154396 0.6778297055521819 0.6778297055521819 0 0.5624783897636263
-2.7641172265904217 0.6774409566681658 0.6774409566681658 0 0.5626960496855252
-2.7619728377412436 0.677051889330188 0.677051889330188 0 0.5629141124212578
-2.759828448892066 0.6766625030148218 0.6766625030148218 0 0.5631325791908068
-2.757684060042888 0.6762727971973396 0.6762727971973396 0 0.563351451219227
-2.7555396711937097 0.6758827713517074 0.6758827713517074 0 0.5635707297366646
-2.753395282344532 0.6754924249505807 0.6754924249505807 0 0.56379041597839
-2.751250893495354 0.6751017574653002 0.6751017574653002 0 0.5640105111848221
-2.749106504646176 0.6747107683658872 0.6747107683658872 0 0.564231016601557
-2.7469621157969977 0.6743194571210384 0.6743194571210384 0 0.564451933479393
-2.74481772694782 0.6739278231981237 0.6739278231981237 0 0.5646732630743624
-2.742673338098642 0.6735358660631796 0.6735358660631796 0 0.5648950066477558
-2.7405289492494638 0.6731435851809052 0.6731435851809051 1.1102230246251565e-16 0.5651171654661515
-2.738384560400286 0.6727509800146578 0.6727509800146578 0 0.5653397408014436
-2.736240171551108 0.6723580500264488 0.6723580500264488 0 0.5655627339308699
-2.73409578270193 0.6719647946769383 0.6719647946769383 0 0.5657861461370419
-2.7319513938527518 0.6715712134254316 0.6715712134254316 0 0.5660099787079724
-2.729807005003574 0.6711773057298733 0.6711773057298733 0 0.5662342329371037
-2.727662616154396 0.6707830710468439 0.6707830710468439 0 0.5664589101233387
-2.725518227305218 0.6703885088315539 0.6703885088315539 0 0.566684011571069
-2.72337383845604 0.6699936185378407 0.6699936185378407 0 0.5669095385902035
-2.721229449606862 0.6695983996181624 0.6695983996181624 0 0.5671354924962011
-2.719085060757684 0.6692028515235939 0.6692028515235939 0 0.5673618746100979
-2.716940671908506 0.6688069737038225 0.6688069737038225 0 0.5675886862585376
-2.714796283059328 0.6684107656071422 0.6684107656071422 0 0.5678159287738025
-2.71265189421015 0.6680142266804497 0.6680142266804497 0 0.5680436034938455
-2.710507505360972 0.6676173563692396 0.6676173563692396 0 0.5682717117623176
-2.7083631165117943 0.6672201541175985 0.6672201541175985 0 0.5685002549285997
-2.706218727662616 0.6668226193682019 0.6668226193682019 0 0.5687292343478358
-2.704074338813438 0.6664247515623082 0.6664247515623082 0 0.5689586513809627
-2.7019299499642604 0.6660265501397543 0.6660265501397543 0 0.5691885073947418
-2.6997855611150823 0.66562801453895 0.66562801453895 0 0.5694188037617891
-2.697641172265904 0.6652291441968746 0.6652291441968746 0 0.5696495418606116
-2.6954967834167265 0.6648299385490699 0.6648299385490699 0 0.5698807230756343
-2.6933523945675484 0.6644303970296375 0.6644303970296375 0 0.5701123487972364
-2.6912080057183703 0.6640305190712316 0.6640305190712316 0 0.5703444204217811
-2.689063616869192 0.6636303041050556 0.6636303041050556 0 0.5705769393516505
-2.6869192280200145 0.6632297515608571 0.6632297515608571 0 0.5708099069952783
-2.6847748391708364 0.662828860866921 0.662828860866921 0 0.5710433247671809
-2.6826304503216583 0.6624276314500676 0.6624276314500676 0 0.5712771940879947
-2.6804860614724806 0.6620260627356439 0.6620260627356439 0 0.5715115163845059
-2.6783416726233025 0.6616241541475215 0.6616241541475215 0 0.5717462930896872
-2.6761972837741244 0.6612219051080899 0.6612219051080899 0 0.5719815256427296
-2.6740528949249462 0.6608193150382513 0.6608193150382513 0 0.5722172154890796
-2.6719085060757686 0.6604163833574165 0.6604163833574165 0 0.5724533640804707
-2.6697641172265905 0.6600131094834988 0.6600131094834988 0 0.572689972874961
-2.6676197283774123 0.6596094928329089 0.6596094928329089 0 0.5729270433369669
-2.6654753395282347 0.65920553282055 0.65920553282055 0 0.5731645769372977
-2.6633309506790566 0.6588012288598121 0.6588012288598121 0 0.5734025751531927
-2.6611865618298784 0.6583965803625673 0.6583965803625673 0 0.5736410394683564
-2.6590421729807003 0.6579915867391636 0.6579915867391636 0 0.573879971372994
-2.6568977841315227 0.6575862473984205 0.6575862473984205 0 0.5741193723638478
-2.6547533952823446 0.6571805617476233 0.6571805617476233 0 0.5743592439442349
-2.6526090064331664 0.6567745291925173 0.6567745291925173 0 0.574599587624083
-2.6504646175839888 0.6563681491373028 0.6563681491373028 0 0.5748404049199664
-2.6483202287348107 0.6559614209846301 0.6559614209846301 0 0.5750816973551455
-2.6461758398856325 0.6555543441355925 0.6555543441355925 0 0.5753234664596022
-2.6440314510364544 0.6551469179897234 0.6551469179897234 0 0.5755657137700803
-2.6418870621872768 0.6547391419449878 0.6547391419449878 0 0.5758084408301203
-2.6397426733380986 0.6543310153977793 0.6543310153977793 0 0.5760516491901001
-2.6375982844889205 0.6539225377429128 0.6539225377429128 0 0.5762953404072725
-2.635453895639743 0.6535137083736199 0.6535137083736199 0 0.5765395160458043
-2.6333095067905647 0.6531045266815432 0.6531045266815432 0 0.5767841776768162
-2.6311651179413866 0.6526949920567302 0.6526949920567302 0 0.5770293268784205
-2.6290207290922085 0.652285103887628 0.652285103887628 0 0.5772749652357618
-2.626876340243031 0.6518748615610775 0.6518748615610775 0 0.5775210943410568
-2.6247319513938527 0.6514642644623081 0.6514642644623081 0 0.5777677157936352
-2.6225875625446746 0.651053311974931 0.651053311974931 0 0.5780148311999781
-2.620443173695497 0.6506420034809347 0.6506420034809347 0 0.5782624421737609
-2.618298784846319 0.6502303383606781 0.6502303383606781 0 0.5785105503358933
-2.6161543959971407 0.6498183159928852 0.6498183159928852 0 0.5787591573145606
-2.6140100071479626 0.6494059357546396 0.6494059357546396 0 0.5790082647452661
-2.611865618298785 0.6489931970213781 0.6489931970213781 0 0.5792578742708722
-2.609721229449607 0.6485800991668849 0.6485800991668849 0 0.5795079875416419
-2.6075768406004287 0.6481666415632855 0.6481666415632855 0 0.5797586062152835
-2.605432451751251 0.6477528235810417 0.6477528235810417 0 0.5800097319569909
-2.603288062902073 0.6473386445889445 0.6473386445889445 0 0.5802613664394894
-2.601143674052895 0.6469241039541084 0.6469241039541084 0 0.5805135113430756
-2.598999285203717 0.6465092010419664 0.6465092010419664 0 0.5807661683556646
-2.596854896354539 0.6460939352162619 0.6460939352162619 0 0.581019339172831
-2.594710507505361 0.6456783058390446 0.6456783058390446 0 0.5812730254978559
-2.5925661186561832 0.6452623122706633 0.6452623122706633 0 0.5815272290417691
-2.590421729807005 0.6448459538697604 0.6448459538697602 2.220446049250313e-16 0.5817819515233965
-2.588277340957827 0.644429229993265 0.6444292299932649 1.1102230246251565e-16 0.5820371946694028
-2.586132952108649 0.6440121399963873 0.6440121399963873 0 0.5822929602143385
-2.5839885632594712 0.6435946832326122 0.6435946832326122 0 0.5825492499006855
-2.581844174410293 0.643176859053693 0.643176859053693 0 0.5828060654789045
-2.579699785561115 0.6427586668096454 0.6427586668096454 0 0.5830634087074786
-2.5775553967119373 0.6423401058487409 0.6423401058487409 0 0.583321281352963
-2.5754110078627592 0.6419211755174999 0.6419211755174999 0 0.5835796851900316
-2.573266619013581 0.6415018751606869 0.6415018751606869 0 0.5838386220015233
-2.571122230164403 0.6410822041213025 0.6410822041213025 0 0.5840980935784909
-2.5689778413152253 0.6406621617405783 0.6406621617405783 0 0.5843581017202495
-2.566833452466047 0.6402417473579688 0.6402417473579688 0 0.5846186482344244
-2.564689063616869 0.6398209603111472 0.6398209603111472 0 0.5848797349370007
-2.5625446747676914 0.6393997999359966 0.6393997999359966 0 0.5851413636523721
-2.5604002859185133 0.638978265566605 0.638978265566605 0 0.5854035362133908
-2.558255897069335 0.6385563565352578 0.6385563565352578 0 0.5856662544614165
-2.556111508220157 0.6381340721724317 0.6381340721724317 0 0.5859295202463686
-2.5539671193709794 0.6377114118067886 0.6377114118067886 0 0.5861933354267759
-2.5518227305218013 0.6372883747651668 0.6372883747651668 0 0.5864577018698266
-2.549678341672623 0.6368649603725776 0.6368649603725776 0 0.5867226214514221
-2.5475339528234455 0.6364411679521954 0.6364411679521954 0 0.586988096056227
-2.5453895639742674 0.6360169968253528 0.6360169968253528 0 0.5872541275777211
-2.5432451751250893 0.6355924463115332 0.6355924463115332 0 0.5875207179182538
-2.541100786275911 0.6351675157283646 0.6351675157283646 0 0.5877878689890959
-2.5389563974267335 0.6347422043916111 0.6347422043916111 0 0.5880555827104915
-2.5368120085775554 0.6343165116151686 0.6343165116151686 0 0.5883238610117157
-2.5346676197283773 0.6338904367110547 0.6338904367110547 0 0.5885927058311239
-2.5325232308791996 0.6334639789894058 0.6334639789894058 0 0.5888621191162102
-2.5303788420300215 0.6330371377584653 0.633037137758465 2.220446049250313e-16 0.5891321028236599
-2.5282344531808434 0.6326099123245803 0.6326099123245803 0 0.5894026589194062
-2.5260900643316653 0.6321823019921936 0.6321823019921936 0 0.5896737893786851
-2.5239456754824876 0.6317543060638358 0.6317543060638358 0 0.5899454961860918
-2.5218012866333095 0.6313259238401188 0.6313259238401188 0 0.590217781335638
-2.5196568977841314 0.6308971546197284 0.6308971546197284 0 0.5904906468308069
-2.5175125089349537 0.6304679976994179 0.6304679976994179 0 0.5907640946846132
-2.5153681200857756 0.6300384523739994 0.6300384523739994 0 0.5910381269196584
-2.5132237312365975 0.6296085179363383 0.6296085179363383 0 0.5913127455681912
-2.51107934238742 0.6291781936773444 0.6291781936773444 0 0.591587952672165
-2.5089349535382417 0.6287474788859656 0.6287474788859656 0 0.5918637502832964
-2.5067905646890636 0.62831637284918 0.62831637284918 0 0.5921401404631255
-2.504646175839886 0.6278848748519891 0.6278848748519891 0 0.592417125283077
-2.502501786990708 0.6274529841774095 0.6274529841774095 0 0.5926947068245191
-2.5003573981415297 0.6270207001064665 0.6270207001064665 0 0.592972887178824
-2.4982130092923516 0.626588021918186 0.626588021918186 0 0.5932516684474314
-2.4960686204431735 0.6261549488895861 0.6261549488895861 0 0.5935310527419075
-2.493924231593996 0.6257214802956721 0.6257214802956721 0 0.5938110421840098
-2.4917798427448177 0.6252876154094256 0.6252876154094255 1.1102230246251565e-16 0.5940916389057486
-2.48963545389564 0.6248533535017992 0.6248533535017992 0 0.5943728450494498
-2.487491065046462 0.6244186938417079 0.6244186938417079 0 0.5946546627678198
-2.4853466761972838 0.6239836356960219 0.6239836356960219 0 0.594937094224008
-2.4832022873481057 0.6235481783295583 0.6235481783295583 0 0.5952201415916734
-2.481057898498928 0.6231123210050736 0.6231123210050736 0 0.5955038070550482
-2.47891350964975 0.6226760629832555 0.6226760629832555 0 0.5957880928090044
-2.4767691208005718 0.6222394035227158 0.6222394035227158 0 0.5960730010591189
-2.474624731951394 0.6218023418799816 0.6218023418799816 0 0.5963585340217412
-2.472480343102216 0.621364877309488 0.621364877309488 0 0.5966446939240594
-2.470335954253038 0.6209270090635697 0.6209270090635697 0 0.5969314830041688
-2.4681915654038598 0.6204887363924533 0.6204887363924533 0 0.59721890351114
-2.466047176554682 0.6200500585442492 0.6200500585442492 0 0.5975069577050865
-2.463902787705504 0.6196109747649434 0.6196109747649434 0 0.597795647857236
-2.461758398856326 0.6191714842983888 0.6191714842983888 0 0.5980849762499969
-2.459614010007148 0.6187315863862983 0.6187315863862983 0 0.5983749451770319
-2.45746962115797 0.6182912802682353 0.6182912802682353 0 0.5986655569433267
-2.455325232308792 0.6178505651816061 0.6178505651816061 0 0.5989568138652619
-2.453180843459614 0.617409440361652 0.617409440361652 0 0.5992487182706857
-2.451036454610436 0.6169679050414401 0.6169679050414401 0 0.5995412724989845
-2.448892065761258 0.6165259584518548 0.6165259584518548 0 0.5998344789011582
-2.44674767691208 0.6160835998215903 0.6160835998215903 0 0.600128339839891
-2.4446032880629023 0.6156408283771417 0.6156408283771417 0 0.6004228576896288
-2.442458899213724 0.6151976433427965 0.6151976433427965 0 0.6007180348366512
-2.440314510364546 0.6147540439406258 0.6147540439406258 0 0.601013873679148
-2.438170121515368 0.6143100293904756 0.6143100293904756 0 0.6013103766272947
-2.4360257326661903 0.6138655989099592 0.6138655989099592 0 0.6016075461033292
-2.433881343817012 0.6134207517144474 0.6134207517144474 0 0.6019053845416296
-2.4317369549678345 0.6129754870170604 0.6129754870170604 0 0.6022038943887892
-2.4295925661186564 0.6125298040286582 0.6125298040286582 0 0.6025030781036984
-2.4274481772694783 0.6120837019578333 0.6120837019578333 0 0.6028029381576211
-2.4253037884203 0.6116371800109002 0.6116371800109002 0 0.6031034770342747
-2.423159399571122 0.6111902373918874 0.6111902373918874 0 0.6034046972299101
-2.4210150107219444 0.6107428733025293 0.6107428733025293 0 0.603706601253394
-2.4188706218727662 0.6102950869422546 0.6102950869422546 0 0.6040091916262881
-2.4167262330235886 0.60984687750818 0.60984687750818 0 0.6043124708829314
-2.4145818441744105 0.6093982441950999 0.6093982441950999 0 0.6046164415705254
-2.4124374553252323 0.6089491861954771 0.6089491861954771 0 0.6049211062492137
-2.4102930664760542 0.6084997026994341 0.6084997026994341 0 0.6052264674921685
-2.408148677626876 0.6080497928947439 0.6080497928947439 0 0.6055325278856756
-2.4060042887776985 0.6075994559668204 0.6075994559668204 0 0.6058392900292168
-2.4038598999285203 0.6071486910987092 0.6071486910987092 0 0.6061467565355592
-2.4017155110793427 0.6066974974710787 0.6066974974710787 0 0.6064549300308404
-2.3995711222301646 0.6062458742622097 0.6062458742622097 0 0.6067638131546551
-2.3974267333809864 0.6057938206479874 0.6057938206479874 0 0.6070734085601456
-2.3952823445318083 0.60534133580189 0.60534133580189 0 0.6073837189140869
-2.3931379556826307 0.6048884188949812 0.6048884188949812 0 0.60769474689698
-2.3909935668334525 0.6044350690958991 0.6044350690958991 0 0.6080064952031397
-2.3888491779842744 0.6039812855708475 0.6039812855708475 0 0.6083189665407869
-2.3867047891350968 0.6035270674835859 0.6035270674835859 0 0.6086321636321385
-2.3845604002859186 0.603072413995419 0.603072413995419 0 0.6089460892135024
-2.3824160114367405 0.6026173242651878 0.6026173242651878 0 0.6092607460353673
-2.3802716225875624 0.6021617974492606 0.6021617974492606 0 0.6095761368625005
-2.3781272337383847 0.6017058327015208 0.6017058327015208 0 0.6098922644740388
-2.3759828448892066 0.6012494291733588 0.6012494291733588 0 0.6102091316635869
-2.3738384560400285 0.6007925860136613 0.6007925860136613 0 0.6105267412393115
-2.371694067190851 0.6003353023688017 0.6003353023688017 0 0.6108450960240396
-2.3695496783416727 0.5998775773826294 0.5998775773826294 0 0.6111641988553556
-2.3674052894924946 0.59941941019646 0.59941941019646 0 0.6114840525856996
-2.3652609006433165 0.5989607999490656 0.5989607999490656 0 0.6118046600824686
-2.363116511794139 0.5985017457766633 0.5985017457766633 0 0.6121260242281131
-2.3609721229449607 0.598042246812906 0.598042246812906 0 0.6124481479202429
-2.3588277340957826 0.597582302188872 0.597582302188872 0 0.6127710340717247
-2.356683345246605 0.5971219110330538 0.5971219110330538 0 0.6130946856107864
-2.354538956397427 0.5966610724713484 0.5966610724713484 0 0.6134191054811218
-2.3523945675482487 0.5961997856270466 0.5961997856270466 0 0.6137442966419924
-2.3502501786990706 0.5957380496208217 0.5957380496208217 0 0.6140702620683347
-2.348105789849893 0.5952758635707207 0.5952758635707207 0 0.6143970047508656
-2.345961401000715 0.5948132265921513 0.5948132265921513 0 0.6147245276961892
-2.3438170121515367 0.594350137797873 0.594350137797873 0 0.6150528339269056
-2.341672623302359 0.5938865962979857 0.5938865962979857 0 0.6153819264817179
-2.339528234453181 0.5934226011999181 0.5934226011999181 0 0.6157118084155432
-2.337383845604003 0.5929581516084179 0.5929581516084179 0 0.6160424827996229
-2.3352394567548247 0.5924932466255411 0.5924932466255411 0 0.6163739527216343
-2.333095067905647 0.5920278853506391 0.5920278853506391 0 0.6167062212858024
-2.330950679056469 0.5915620668803494 0.5915620668803494 0 0.6170392916130142
-2.3288062902072912 0.5910957903085842 0.5910957903085842 0 0.6173731668409321
-2.326661901358113 0.5906290547265186 0.5906290547265186 0 0.6177078501241103
-2.324517512508935 0.5901618592225792 0.5901618592225792 0 0.618043344634109
-2.322373123659757 0.5896942028824348 0.5896942028824348 0 0.6183796535596151
-2.320228734810579 0.5892260847889811 0.5892260847889811 0 0.6187167801065554
-2.318084345961401 0.5887575040223345 0.5887575040223345 0 0.6190547274982214
-2.315939957112223 0.5882884596598152 0.5882884596598152 0 0.6193934989753851
-2.3137955682630453 0.5878189507759403 0.5878189507759403 0 0.6197330977964232
-2.311651179413867 0.5873489764424082 0.5873489764424082 0 0.6200735272374363
-2.309506790564689 0.5868785357280909 0.5868785357280909 0 0.6204147905923758
-2.307362401715511 0.5864076276990183 0.5864076276990183 0 0.6207568911731651
-2.305218012866333 0.5859362514183697 0.5859362514183697 0 0.6210998323098273
-2.303073624017155 0.5854644059464602 0.5854644059464602 0 0.6214436173506102
-2.300929235167977 0.5849920903407289 0.5849920903407289 0 0.6217882496621142
-2.2987848463187994 0.584519303655727 0.584519303655727 0 0.6221337326294212
-2.2966404574696213 0.584046044943107 0.584046044943107 0 0.6224800696562247
-2.294496068620443 0.5835723132516081 0.5835723132516081 0 0.6228272641649599
-2.292351679771265 0.5830981076270465 0.5830981076270465 0 0.6231753195969358
-2.2902072909220874 0.5826234271123016 0.5826234271123016 0 0.6235242394124689
-2.2880629020729093 0.5821482707473045 0.5821482707473045 0 0.6238740270910169
-2.285918513223731 0.5816726375690248 0.5816726375690248 0 0.6242246861313145
-2.2837741243745535 0.5811965266114595 0.5811965266114595 0 0.6245762200515098
-2.2816297355253754 0.5807199369056188 0.5807199369056188 0 0.6249286323893024
-2.2794853466761973 0.5802428674795148 0.5802428674795148 0 0.6252819267020815
-2.277340957827019 0.5797653173581486 0.5797653173581486 0 0.6256361065670673
-2.2751965689778415 0.5792872855634971 0.5792872855634971 0 0.6259911755814516
-2.2730521801286634 0.5788087711145011 0.5788087711145011 0 0.6263471373625412
-2.2709077912794853 0.5783297730270514 0.5783297730270514 0 0.6267039955479011
-2.2687634024303076 0.5778502903139766 0.5778502903139766 0 0.6270617537954991
-2.2666190135811295 0.5773703219850301 0.5773703219850301 0 0.6274204157838547
-2.2644746247319514 0.5768898670468763 0.5768898670468763 0 0.627779985212183
-2.2623302358827733 0.5764089245030789 0.5764089245030789 0 0.6281404658005483
-2.2601858470335956 0.5759274933540861 0.5759274933540861 0 0.6285018612900095
-2.2580414581844175 0.5754455725972184 0.5754455725972183 1.1102230246251565e-16 0.6288641754427764
-2.2558970693352394 0.5749631612266545 0.5749631612266545 0 0.6292274120423594
-2.2537526804860617 0.5744802582334192 0.5744802582334192 0 0.629591574893725
-2.2516082916368836 0.5739968626053682 0.5739968626053682 0 0.629956667823452
-2.2494639027877055 0.5735129733271752 0.5735129733271752 0 0.6303226946798879
-2.2473195139385274 0.5730285893803194 0.5730285893803194 0 0.6306896593333078
-2.2451751250893497 0.5725437097430699 0.5725437097430699 0 0.6310575656760736
-2.2430307362401716 0.5720583333904731 0.5720583333904731 0 0.6314264176227972
-2.2408863473909935 0.5715724592943386 0.5715724592943386 0 0.6317962191105003
-2.238741958541816 0.5710860864232251 0.5710860864232251 0 0.6321669740987813
-2.2365975696926377 0.5705992137424263 0.5705992137424263 0 0.6325386865699802
-2.2344531808434596 0.5701118402139573 0.5701118402139573 0 0.6329113605293456
-2.2323087919942814 0.5696239647965402 0.5696239647965402 0 0.633285000005203
-2.230164403145104 0.5691355864455891 0.5691355864455891 0 0.6336596090491255
-2.2280200142959257 0.5686467041131973 0.5686467041131971 2.220446049250313e-16 0.6340351917361065
-2.225875625446748 0.568157316748121 0.568157316748121 0 0.6344117521647311
-2.22373123659757 0.5676674232957669 0.5676674232957669 0 0.6347892944573525
-2.2215868477483918 0.5671770226981756 0.5671770226981756 0 0.635167822760268
-2.2194424588992137 0.5666861138940087 0.5666861138940087 0 0.6355473412438969
-2.2172980700500355 0.5661946958185327 0.5661946958185327 0 0.6359278541029606
-2.215153681200858 0.565702767403605 0.565702767403605 0 0.6363093655566632
-2.2130092923516798 0.5652103275776583 0.5652103275776581 2.220446049250313e-16 0.6366918798488754
-2.210864903502502 0.5647173752656867 0.5647173752656867 0 0.6370754012483195
-2.208720514653324 0.5642239093892296 0.5642239093892296 0 0.6374599340487545
-2.206576125804146 0.5637299288663568 0.5637299288663568 0 0.6378454825691637
-2.2044317369549677 0.5632354326116538 0.5632354326116538 0 0.6382320511539478
-2.2022873481057896 0.5627404195362059 0.5627404195362059 0 0.6386196441731123
-2.200142959256612 0.5622448885475829 0.5622448885475829 0 0.6390082660224641
-2.197998570407434 0.5617488385498234 0.5617488385498234 0 0.6393979211238046
-2.195854181558256 0.5612522684434201 0.5612522684434201 0 0.639788613925128
-2.193709792709078 0.560755177125303 0.560755177125303 0 0.6401803489008184
-2.1915654038599 0.560257563488824 0.560257563488824 0 0.6405731305518525
-2.189421015010722 0.5597594264237417 0.5597594264237417 0 0.6409669634060001
-2.187276626161544 0.5592607648162051 0.5592607648162051 0 0.6413618520180304
-2.185132237312366 0.5587615775487363 0.5587615775487363 0 0.6417578009699164
-2.182987848463188 0.5582618635002164 0.5582618635002164 0 0.6421548148710436
-2.1808434596140103 0.5577616215458686 0.5577616215458685 1.1102230246251565e-16 0.6425528983584217
-2.178699070764832 0.5572608505572407 0.5572608505572407 0 0.6429520560968947
-2.176554681915654 0.5567595494021904 0.5567595494021904 0 0.6433522927793557
-2.174410293066476 0.5562577169448675 0.5562577169448675 0 0.6437536131269631
-2.1722659042172983 0.5557553520456988 0.5557553520456988 0 0.6441560218893599
-2.17012151536812 0.5552524535613694 0.5552524535613694 0 0.6445595238448921
-2.167977126518942 0.5547490203448076 0.5547490203448076 0 0.6449641238008317
-2.1658327376697644 0.5542450512451672 0.5542450512451672 0 0.6453698265936012
-2.1636883488205862 0.553740545107811 0.553740545107811 0 0.6457766370890009
-2.161543959971408 0.5532355007742931 0.5532355007742931 0 0.6461845601824365
-2.15939957112223 0.5527299170823423 0.5527299170823423 0 0.6465936007991507
-2.1572551822730524 0.5522237928658449 0.5522237928658449 0 0.6470037638944559
-2.1551107934238742 0.551717126954826 0.551717126954826 0 0.64741505445397
-2.152966404574696 0.5512099181754346 0.5512099181754346 0 0.6478274774938539
-2.1508220157255185 0.5507021653499233 0.5507021653499233 0 0.6482410380610508
-2.1486776268763403 0.5501938672966322 0.5501938672966322 0 0.6486557412335295
-2.1465332380271622 0.5496850228299711 0.5496850228299711 0 0.6490715921205282
-2.144388849177984 0.5491756307604003 0.5491756307604003 0 0.6494885958628015
-2.1422444603288064 0.548665689894415 0.548665689894415 0 0.6499067576328692
-2.1401000714796283 0.5481551990345239 0.5481551990345239 0 0.6503260826352697
-2.1379556826304507 0.5476441569792345 0.5476441569792345 0 0.6507465761068119
-2.1358112937812725 0.5471325625230324 0.5471325625230324 0 0.6511682433168339
-2.1336669049320944 0.5466204144563637 0.5466204144563637 0 0.6515910895674605
-2.1315225160829163 0.5461077115656164 0.5461077115656164 0 0.652015120193866
-2.129378127233738 0.545594452633102 0.545594452633102 0 0.6524403405645379
-2.1272337383845605 0.5450806364370363 0.5450806364370363 0 0.6528667560815435
-2.1250893495353824 0.544566261751521 0.544566261751521 0 0.6532943721808
-2.1229449606862048 0.5440513273465241 0.5440513273465241 0 0.6537231943323459
-2.1208005718370266 0.5435358319878617 0.5435358319878617 0 0.6541532280406168
-2.1186561829878485 0.5430197744371782 0.5430197744371782 0 0.6545844788447219
-2.1165117941386704 0.5425031534519267 0.5425031534519267 0 0.6550169523187233
-2.1143674052894923 0.5419859677853508 0.5419859677853508 0 0.6554506540719222
-2.1122230164403146 0.5414682161864639 0.5414682161864639 0 0.6558855897491411
-2.1100786275911365 0.5409498974000295 0.5409498974000295 0 0.6563217650310151
-2.107934238741959 0.5404310101665426 0.5404310101665426 0 0.6567591856342818
-2.1057898498927807 0.5399115532222083 0.5399115532222083 0 0.657197857312077
-2.1036454610436026 0.5393915252989233 0.5393915252989233 0 0.6576377858542309
-2.1015010721944245 0.5388709251242548 0.5388709251242548 0 0.6580789770875692
-2.099356683345247 0.5383497514214203 0.5383497514214203 0 0.6585214368762168
-2.0972122944960687 0.5378280029092669 0.5378280029092669 0 0.6589651711219028
-2.0950679056468906 0.5373056783022524 0.5373056783022524 0 0.6594101857642715
-2.092923516797713 0.536782776310423 0.536782776310423 0 0.6598564867811946
-2.090779127948535 0.5362592956393931 0.5362592956393931 0 0.6603040801890878
-2.0886347390993567 0.5357352349903249 0.5357352349903249 0 0.6607529720432276
-2.0864903502501786 0.5352105930599065 0.5352105930599065 0 0.6612031684380757
-2.084345961401001 0.534685368540331 0.534685368540331 0 0.6616546755076026
-2.082201572551823 0.5341595601192763 0.5341595601192763 0 0.6621074994256194
-2.0800571837026447 0.5336331664798828 0.5336331664798828 0 0.6625616464061079
-2.077912794853467 0.5331061863007316 0.5331061863007316 0 0.6630171227035553
-2.075768406004289 0.5325786182558232 0.5325786182558232 0 0.6634739346132961
-2.073624017155111 0.5320504610145561 0.5320504610145561 0 0.6639320884718515
-2.0714796283059327 0.5315217132417052 0.5315217132417052 0 0.6643915906572788
-2.069335239456755 0.5309923735973978 0.5309923735973978 0 0.6648524475895176
-2.067190850607577 0.5304624407370937 0.5304624407370937 0 0.6653146657307458
-2.065046461758399 0.5299319133115616 0.5299319133115616 0 0.6657782515857347
-2.062902072909221 0.5294007899668577 0.5294007899668577 0 0.6662432117022109
-2.060757684060043 0.5288690693443013 0.5288690693443013 0 0.6667095526712197
-2.058613295210865 0.5283367500804537 0.5283367500804537 0 0.6671772811274934
-2.0564689063616868 0.527803830807095 0.527803830807095 0 0.6676464037498238
-2.054324517512509 0.5272703101512013 0.5272703101512013 0 0.6681169272614381
-2.052180128663331 0.5267361867349194 0.5267361867349194 0 0.6685888584303774
-2.050035739814153 0.5262014591755476 0.5262014591755476 0 0.6690622040698826
-2.047891350964975 0.5256661260855087 0.5256661260855087 0 0.66953697103878
-2.045746962115797 0.5251301860723269 0.5251301860723268 1.1102230246251565e-16 0.6700131662418742
-2.043602573266619 0.5245936377386059 0.5245936377386059 0 0.6704907966303458
-2.041458184417441 0.5240564796820038 0.5240564796820038 0 0.6709698692021488
-2.039313795568263 0.5235187104952086 0.5235187104952086 0 0.6714503910024161
-2.037169406719085 0.5229803287659153 0.5229803287659153 0 0.6719323691238694
-2.0350250178699074 0.5224413330768 0.5224413330768 0 0.6724158107072311
-2.0328806290207293 0.5219017220054964 0.5219017220054964 0 0.672900722941642
-2.030736240171551 0.5213614941245721 0.5213614941245721 0 0.6733871130650841
-2.028591851322373 0.5208206480015012 0.5208206480015012 0 0.6738749883648056
-2.026447462473195 0.5202791821986416 0.5202791821986416 0 0.6743643561777536
-2.0243030736240173 0.5197370952732095 0.5197370952732095 0 0.6748552238910089
-2.022158684774839 0.5191943857772523 0.5191943857772523 0 0.6753475989422257
-2.0200142959256615 0.5186510522576265 0.5186510522576265 0 0.6758414888200794
-2.0178699070764834 0.518107093255969 0.518107093255969 0 0.6763369010647138
-2.0157255182273053 0.5175625073086727 0.5175625073086727 0 0.6768338432681966
-2.013581129378127 0.5170172929468606 0.5170172929468606 0 0.6773323230749798
-2.011436740528949 0.51647144869636 0.51647144869636 0 0.6778323481823649
-2.0092923516797714 0.5159249730776747 0.5159249730776747 0 0.678333926340971
-2.0071479628305933 0.515377864605961 0.515377864605961 0 0.678837065355212
-2.0050035739814156 0.5148301217909986 0.5148301217909986 0 0.6793417730837747
-2.0028591851322375 0.5142817431371656 0.5142817431371656 0 0.6798480574401056
-2.0007147962830594 0.5137327271434111 0.5137327271434111 0 0.6803559263929014
-1.9985704074338815 0.5131830723032274 0.5131830723032274 0 0.6808653879666046
-1.9964260185847034 0.5126327771046241 0.5126327771046241 0 0.6813764502419063
-1.9942816297355255 0.512081840030099 0.512081840030099 0 0.6818891213562522
-1.9921372408863474 0.5115302595566119 0.5115302595566119 0 0.6824034095043563
-1.9899928520371695 0.510978034155556 0.510978034155556 0 0.6829193229387185
-1.9878484631879916 0.5104251622927296 0.5104251622927296 0 0.6834368699701502
-1.9857040743388135 0.5098716424283091 0.5098716424283091 0 0.6839560589683039
-1.9835596854896356 0.5093174730168196 0.5093174730168196 0 0.6844768983622084
-1.9814152966404575 0.5087626525071065 0.5087626525071065 0 0.6849993966408119
-1.9792709077912796 0.5082071793423075 0.5082071793423075 0 0.6855235623535298
-1.9771265189421017 0.5076510519598225 0.5076510519598225 0 0.6860494041107994
-1.9749821300929236 0.5070942687912854 0.5070942687912854 0 0.6865769305846398
-1.9728377412437457 0.5065368282625343 0.5065368282625343 0 0.6871061505092189
-1.9706933523945676 0.5059787287935829 0.5059787287935829 0 0.6876370726814278
-1.9685489635453897 0.505419968798589 0.505419968798589 0 0.6881697059614584
-1.9664045746962115 0.5048605466858268 0.5048605466858268 0 0.688704059273393
-1.9642601858470337 0.5043004608576553 0.5043004608576553 0 0.6892401416057937
-1.9621157969978558 0.5037397097104878 0.5037397097104878 0 0.6897779620123047
-1.9599714081486777 0.5031782916347635 0.5031782916347635 0 0.6903175296122596
-1.9578270192994998 0.5026162050149141 0.5026162050149141 0 0.6908588535912918
-1.9556826304503216 0.5020534482293353 0.5020534482293353 0 0.6914019432019597
-1.9535382416011438 0.5014900196503538 0.5014900196503538 0 0.69194680776437
-1.9513938527519659 0.5009259176441966 0.5009259176441966 0 0.6924934566668158
-1.9492494639027877 0.5003611405709609 0.5003611405709609 0 0.6930418993664191
-1.9471050750536099 0.4997956867845801 0.4997956867845799 1.6653345369377348e-16 0.6935921453897782
-1.9449606862044317 0.4992295546327935 0.4992295546327935 0 0.694144204333629
-1.9428162973552539 0.49866274245711295 0.49866274245711295 0 0.6946980858655052
-1.9406719085060757 0.498095248592792 0.498095248592792 0 0.6952537997244161
-1.9385275196568978 0.49752707136879193 0.49752707136879193 0 0.6958113557215237
-1.93638313080772 0.49695820910774946 0.49695820910774946 0 0.6963707637408338
-1.9342387419585418 0.4963886601259441 0.4963886601259441 0 0.6969320337398917
-1.932094353109364 0.49581842273326415 0.49581842273326415 0 0.6974951757504864
-1.9299499642601858 0.4952474952331736 0.4952474952331736 0 0.6980601998793655
-1.927805575411008 0.4946758759226787 0.4946758759226787 0 0.6986271163089559
-1.92566118656183 0.49410356309229375 0.49410356309229375 0 0.6991959352980948
-1.923516797712652 0.4935305550260065 0.4935305550260065 0 0.6997666671827678
-1.921372408863474 0.4929568500012453 0.4929568500012453 0 0.7003393223768578
-1.919228020014296 0.49238244628884215 0.49238244628884215 0 0.7009139113729004
-1.917083631165118 0.49180734215299976 0.49180734215299976 0 0.7014904447428504
-1.91493924231594 0.4912315358512558 0.4912315358512558 0 0.7020689331388568
-1.912794853466762 0.4906550256344471 0.4906550256344471 0 0.7026493872940459
-1.9106504646175841 0.49007780974667503 0.49007780974667503 0 0.7032318180233171
-1.908506075768406 0.4894998864252685 0.4894998864252685 0 0.7038162362241435
-1.9063616869192281 0.4889212539007491 0.4889212539007491 0 0.7044026528773863
-1.90421729807005 0.488341910396794 0.488341910396794 0 0.7049910790481191
-1.9020729092208721 0.4877618541301994 0.4877618541301994 0 0.705581525886456
-1.8999285203716942 0.48718108331084387 0.48718108331084387 0 0.7061740046283997
-1.8977841315225161 0.4865995961416513 0.4865995961416513 0 0.7067685265966922
-1.8956397426733382 0.48601739081855355 0.48601739081855355 0 0.7073651032016776
-1.8934953538241601 0.48543446553045266 0.48543446553045266 0 0.7079637459421783
-1.8913509649749822 0.4848508184591831 0.4848508184591831 0 0.7085644664063785
-1.8892065761258043 0.4842664477794736 0.4842664477794736 0 0.7091672762727212
-1.8870621872766262 0.48368135165890896 0.48368135165890896 0 0.7097721873108145
-1.8849177984274483 0.48309552825789115 0.48309552825789115 0 0.7103792113823492
-1.8827734095782702 0.48250897572959983 0.48250897572959983 0 0.7109883604420288
-1.8806290207290923 0.48192169221995484 0.48192169221995484 0 0.7115996465385117
-1.8784846318799142 0.4813336758675747 0.4813336758675747 0 0.7122130818153627
-1.8763402430307363 0.4807449248037382 0.4807449248037382 0 0.7128286785120169
-1.8741958541815584 0.4801554371523431 0.4801554371523431 0 0.7134464489647586
-1.8720514653323803 0.47956521102986777 0.47956521102986777 0 0.7140664056077096
-1.8699070764832024 0.4789742445453282 0.4789742445453282 0 0.7146885609738293
-1.8677626876340243 0.47838253580023893 0.47838253580023893 0 0.7153129276959311
-1.8656182987848464 0.4777900828885709 0.4777900828885709 0 0.7159395185077071
-1.8634739099356685 0.47719688389671006 0.47719688389671006 0 0.7165683462447703
-1.8613295210864904 0.47660293690341626 0.47660293690341626 0 0.7171994238457062
-1.8591851322373125 0.47600823997978 0.47600823997978 0 0.7178327643531388
-1.8570407433881344 0.4754127911891807 0.4754127911891807 0 0.7184683809148128
-1.8548963545389565 0.47481658858724435 0.47481658858724435 0 0.7191062867846867
-1.8527519656897784 0.47421963022179986 0.47421963022179986 0 0.7197464953240402
-1.8506075768406005 0.4736219141328357 0.4736219141328357 0 0.7203890200025963
-1.8484631879914226 0.4730234383524575 0.4730234383524575 0 0.7210338743996606
-1.8463187991422445 0.4724242009048415 0.4724242009048415 0 0.7216810722052684
-1.8441744102930666 0.4718241998061937 0.4718241998061937 0 0.7223306272213557
-1.8420300214438885 0.47122343306470194 0.47122343306470194 0 0.7229825533629364
-1.8398856325947106 0.47062189868049376 0.47062189868049376 0 0.723636864659303
-1.8377412437455327 0.4700195946455894 0.4700195946455894 0 0.7242935752552359
-1.8355968548963546 0.4694165189438564 0.4694165189438564 0 0.7249526994122335
-1.8334524660471767 0.46881266955096484 0.46881266955096484 0 0.7256142515097569
-1.8313080771979986 0.4682080444343396 0.4682080444343396 0 0.7262782460464887
-1.8291636883488207 0.46760264155311565 0.46760264155311565 0 0.7269446976416127
-1.8270192994996426 0.46699645885808827 0.46699645885808827 0 0.7276136210361067
-1.8248749106504647 0.466389494291669 0.466389494291669 0 0.7282850310940547
-1.8227305218012868 0.4657817457878357 0.4657817457878357 0 0.7289589428039751
-1.8205861329521087 0.46517321127208555 0.46517321127208555 0 0.729635371280168
-1.8184417441029308 0.4645638886613869 0.4645638886613869 0 0.7303143317640783
-1.8162973552537527 0.46395377586412995 0.46395377586412995 0 0.7309958396256812
-1.8141529664045748 0.4633428707800781 0.4633428707800781 0 0.7316799103648794
-1.812008577555397 0.4627311713003182 0.4627311713003182 0 0.7323665596129274
-1.8098641887062188 0.46211867530721146 0.46211867530721146 0 0.7330558031338674
-1.807719799857041 0.4615053806743428 0.4615053806743428 0 0.7337476568259911
-1.8055754110078628 0.4608912852664704 0.4608912852664704 0 0.7344421367233156
-1.803431022158685 0.46027638693947426 0.46027638693947426 0 0.7351392589970827
-1.8012866333095068 0.4596606835403062 0.4596606835403062 0 0.735839039957279
-1.7991422444603289 0.4590441729069368 0.4590441729069368 0 0.7365414960541743
-1.796997855611151 0.4584268528683044 0.4584268528683044 0 0.7372466438798839
-1.7948534667619729 0.45780872124426186 0.45780872124426186 0 0.7379545001699486
-1.792709077912795 0.45718977584552467 0.45718977584552467 0 0.7386650818049414
-1.7905646890636169 0.45657001447361634 0.45657001447361634 0 0.7393784058120911
-1.788420300214439 0.4559494349208157 0.4559494349208157 0 0.7400944893669332
-1.786275911365261 0.455328034970103 0.455328034970103 0 0.7408133497949799
-1.784131522516083 0.4547058123951043 0.4547058123951043 0 0.7415350045734156
-1.781987133666905 0.4540827649600382 0.4540827649600382 0 0.7422594713328152
-1.779842744817727 0.4534588904196589 0.4534588904196589 0 0.742986767858887
-1.777698355968549 0.45283418651920143 0.45283418651920143 0 0.7437169120942375
-1.775553967119371 0.45220865099432517 0.45220865099432517 0 0.744449922140167
-1.773409578270193 0.45158228157105784 0.45158228157105784 0 0.745185816258483
-1.7712651894210152 0.45095507596573714 0.45095507596573714 0 0.745924612873344
-1.769120800571837 0.45032703188495454 0.45032703188495454 0 0.74666633057313
-1.7669764117226592 0.4496981470254968 0.4496981470254968 0 0.7474109881123349
-1.764832022873481 0.4490684190742878 0.4490684190742878 0 0.7481586044134911
-1.7626876340243032 0.44843784570832923 0.44843784570832923 0 0.7489091985691181
-1.7605432451751253 0.4478064245946418 0.4478064245946418 0 0.7496627898437007
-1.7583988563259472 0.44717415339020544 0.44717415339020544 0 0.7504193976756965
-1.7562544674767693 0.44654102974189935 0.44654102974189935 0 0.7511790416795678
-1.7541100786275912 0.44590705128644026 0.44590705128644026 0 0.75194174164785
-1.7519656897784133 0.4452722156503224 0.4452722156503224 0 0.7527075175532421
-1.7498213009292352 0.4446365204497551 0.4446365204497551 0 0.7534763895507345
-1.7476769120800573 0.44399996329060143 0.44399996329060143 0 0.754248377979764
-1.7455325232308794 0.4433625417683148 0.4433625417683148 0 0.7550235033663995
-1.7433881343817013 0.44272425346787586 0.44272425346787586 0 0.7558017864255636
-1.7412437455325234 0.44208509596373036 0.44208509596373036 0 0.7565832480632841
-1.7390993566833453 0.4414450668197221 0.4414450668197221 0 0.7573679093789769
-1.7369549678341674 0.4408041635890317 0.4408041635890317 0 0.7581557916677673
-1.7348105789849895 0.4401623838141086 0.4401623838141086 0 0.758946916422842
-1.7326661901358114 0.439519725026607 0.439519725026607 0 0.7597413053378386
-1.7305218012866335 0.43887618474732 0.43887618474732 0 0.7605389803092667
-1.7283774124374554 0.43823176048611084 0.43823176048611084 0 0.7613399634389713
-1.7262330235882775 0.4375864497418478 0.4375864497418478 0 0.7621442770366262
-1.7240886347390993 0.43694025000233505 0.43694025000233505 0 0.7629519436222716
-1.7219442458899215 0.4362931587442453 0.4362931587442453 0 0.7637629859288835
-1.7197998570407436 0.43564517343305026 0.43564517343305026 0 0.7645774269049881
-1.7176554681915654 0.4349962915229505 0.4349962915229505 0 0.7653952897173102
-1.7155110793423876 0.43434651045680694 0.43434651045680694 0 0.766216597753466
-1.7133666904932094 0.4336958276660696 0.4336958276660696 0 0.7670413746246962
-1.7112223016440316 0.43304424057070623 0.43304424057070623 0 0.7678696441686379
-1.7090779127948537 0.43239174657913054 0.43239174657913054 0 0.7687014304521435
-1.7069335239456755 0.43173834308812997 0.43173834308812997 0 0.7695367577741385
-1.7047891350964977 0.431084027482793 0.431084027482793 0 0.7703756506685286
-1.7026447462473195 0.4304287971364355 0.4304287971364355 0 0.7712181339071462
-1.7005003573981416 0.42977264941052634 0.42977264941052634 0 0.7720642325027458
-1.6983559685489635 0.4291155816546124 0.4291155816546124 0 0.7729139717120469
-1.6962115796997856 0.4284575912062448 0.4284575912062448 0 0.7737673770388214
-1.6940671908506078 0.42779867539090033 0.42779867539090033 0 0.7746244742370307
-1.6919228020014296 0.42713883152190724 0.42713883152190724 0 0.775485289314015
-1.6897784131522517 0.42647805690036655 0.42647805690036655 0 0.776349848533727
-1.6876340243030736 0.4258163488150748 0.4258163488150748 0 0.777218178420021
-1.6854896354538957 0.4251537045424451 0.4251537045424451 0 0.7780903057599942
-1.6833452466047178 0.4244901213464279 0.4244901213464279 0 0.7789662576073769
-1.6812008577555397 0.42382559647843154 0.42382559647843154 0 0.7798460612859843
-1.6790564689063618 0.42316012717724183 0.42316012717724183 0 0.7807297443932149
-1.6769120800571837 0.4224937106689395 0.4224937106689395 0 0.7816173348036104
-1.6747676912080058 0.42182634416682036 0.42182634416682036 0 0.7825088606724737
-1.6726233023588277 0.4211580248713108 0.4211580248713108 0 0.7834043504395396
-1.6704789135096498 0.4204887499698858 0.4204887499698858 0 0.7843038328327114
-1.668334524660472 0.4198185166369843 0.4198185166369843 0 0.7852073368718551
-1.6661901358112938 0.4191473220339237 0.4191473220339237 0 0.7861148918726543
-1.664045746962116 0.4184751633088168 0.4184751633088168 0 0.787026527450531
-1.6619013581129378 0.4178020375964831 0.4178020375964831 0 0.7879422735246293
-1.65975696926376 0.417127942018363 0.417127942018363 0 0.7888621603218625
-1.657612580414582 0.4164528736824304 0.4164528736824304 0 0.789786218381033
-1.655468191565404 0.4157768296831037 0.4157768296831037 0 0.7907144785570133
-1.653323802716226 0.41509980710115674 0.41509980710115674 0 0.7916469720249998
-1.651179413867048 0.4144218030036291 0.4144218030036291 0 0.7925837302848404
-1.64903502501787 0.413742814443735 0.413742814443735 0 0.7935247851654277
-1.646890636168692 0.41306283846077224 0.41306283846077224 0 0.7944701688291715
-1.644746247319514 0.4123818720800297 0.4123818720800297 0 0.7954199137765458
-1.6426018584703361 0.4116999123126938 0.4116999123126938 0 0.7963740528507081
-1.640457469621158 0.4110169561557554 0.4110169561557554 0 0.7973326192422039
-1.6383130807719801 0.41033300059191447 0.41033300059191447 0 0.7982956464937452
-1.636168691922802 0.40964804258948406 0.40964804258948406 0 0.7992631685050731
-1.6340243030736241 0.40896207910229526 0.40896207910229526 0 0.8002352195379039
-1.6318799142244462 0.408275107069599 0.408275107069599 0 0.8012118342209595
-1.6297355253752681 0.40758712341596737 0.40758712341596737 0 0.8021930475550829
-1.6275911365260902 0.4068981250511958 0.4068981250511958 0 0.8031788949184444
-1.625446747676912 0.40620810887020276 0.40620810887020276 0 0.8041694120718387
-1.6233023588277342 0.4055170717529283 0.4055170717529283 0 0.8051646351640687
-1.6211579699785563 0.4048250105642339 0.4048250105642339 0 0.8061646007374315
-1.6190135811293782 0.404131922153798 0.404131922153798 0 0.8071693457332925
-1.6168691922802003 0.40343780335601415 0.40343780335601415 0 0.8081789074977623
-1.6147248034310222 0.40274265098988543 0.40274265098988543 0 0.8091933237874736
-1.6125804145818443 0.40204646185892007 0.40204646185892007 0 0.8102126327754564
-1.6104360257326662 0.4013492327510242 0.4013492327510242 0 0.8112368730571222
-1.6082916368834883 0.4006509604383953 0.4006509604383953 0 0.8122660836563518
-1.6061472480343104 0.399951641677414 0.399951641677414 0 0.8133003040316928
-1.6040028591851323 0.39925127320853354 0.39925127320853354 0 0.814339574082668
-1.6018584703359544 0.39854985175617175 0.39854985175617175 0 0.8153839341561977
-1.5997140814867763 0.3978473740285978 0.3978473740285978 0 0.8164334250531387
-1.5975696926375984 0.3971438367178215 0.3971438367178215 0 0.8174880880349386
-1.5954253037884205 0.3964392364994785 0.3964392364994785 0 0.8185479648304159
-1.5932809149392424 0.39573357003271753 0.39573357003271753 0 0.8196130976426599
-1.5911365260900645 0.39502683396008426 0.39502683396008426 0 0.8206835291560588
-1.5889921372408864 0.39431902490740445 0.39431902490740445 0 0.821759302543456
-1.5868477483917085 0.39361013948366796 0.39361013948366796 0 0.8228404614734403
-1.5847033595425304 0.3929001742809083 0.3929001742809083 0 0.8239270501177686
-1.5825589706933525 0.3921891258740842 0.3921891258740842 0 0.825019113158927
-1.5804145818441746 0.39147699082095844 0.39147699082095844 0 0.8261166957978358
-1.5782701929949965 0.39076376566197596 0.39076376566197596 0 0.8272198437616938
-1.5761258041458186 0.3900494469201403 0.3900494469201403 0 0.8283286033119743
-1.5739814152966405 0.38933403110089093 0.38933403110089093 0 0.8294430212525693
-1.5718370264474626 0.38861751469197575 0.38861751469197575 0 0.8305631449380881
-1.5696926375982847 0.3878998941633261 0.3878998941633261 0 0.8316890222823149
-1.5675482487491066 0.38718116596692786 0.38718116596692786 0 0.8328207017668252
-1.5654038598999287 0.38646132653669457 0.38646132653669457 0 0.8339582324497701
-1.5632594710507506 0.38574037228833397 0.38574037228833397 0 0.8351016639748254
-1.5611150822015727 0.3850182996192194 0.3850182996192194 0 0.8362510465803177
-1.5589706933523946 0.38429510490825536 0.38429510490825536 0 0.8374064311085221
-1.5568263045032167 0.38357078451574583 0.38357078451574583 0 0.8385678690151455
-1.5546819156540388 0.38284533478325516 0.38284533478325516 0 0.8397354123789895
-1.5525375268048607 0.3821187520334757 0.3821187520334757 0 0.8409091139118084
-1.5503931379556828 0.38139103257008755 0.38139103257008755 0 0.8420890269683541
-1.5482487491065047 0.3806621726776194 0.3806621726776194 0 0.8432752055566238
-1.5461043602573268 0.37993216862131 0.37993216862131 0 0.8444677043483113
-1.543959971408149 0.37920101664696304 0.37920101664696304 0 0.8456665786894586
-1.5418155825589708 0.3784687129808072 0.3784687129808072 0 0.8468718846113312
-1.5396711937097929 0.37773525382934875 0.37773525382934875 0 0.8480836788414992
-1.5375268048606148 0.3770006353792279 0.3770006353792279 0 0.8493020188151519
-1.5353824160114369 0.3762648537970691 0.3762648537970691 0 0.850526962686632
-1.5332380271622588 0.3755279052293339 0.3755279052293339 0 0.8517585693412097
-1.5310936383130809 0.37478978580216926 0.37478978580216926 0 0.8529968984070931
-1.528949249463903 0.3740504916212564 0.3740504916212564 0 0.8542420102676833
-1.5268048606147249 0.3733100187716566 0.3733100187716566 0 0.8554939660740833
-1.524660471765547 0.3725683633176581 0.3725683633176581 0 0.8567528277578639
-1.5225160829163689 0.37182552130261654 0.37182552130261654 0 0.8580186580440894
-1.520371694067191 0.3710814887488003 0.3710814887488003 0 0.8592915204646201
-1.518227305218013 0.37033626165722894 0.37033626165722894 0 0.8605714793716865
-1.516082916368835 0.36958983600751183 0.36958983600751183 0 0.8618585999517505
-1.513938527519657 0.368842207757687 0.368842207757687 0 0.8631529482396556
-1.511794138670479 0.3680933728440546 0.3680933728440546 0 0.8644545911330783
-1.509649749821301 0.3673433271810127 0.3673433271810127 0 0.8657635964072824
-1.507505360972123 0.36659206666088795 0.36659206666088795 0 0.8670800327301893
-1.505360972122945 0.3658395871537676 0.3658395871537676 0 0.8684039696777694
-1.5032165832737672 0.36508588450732643 0.36508588450732643 0 0.8697354777497628
-1.501072194424589 0.36433095454665576 0.36433095454665576 0 0.8710746283857403
-1.4989278055754112 0.3635747930740869 0.3635747930740869 0 0.8724214939815086
-1.496783416726233 0.3628173958690161 0.3628173958690161 0 0.8737761479058763
-1.4946390278770552 0.36205875868772597 0.36205875868772597 0 0.8751386645177812
-1.4924946390278773 0.36129887726320403 0.36129887726320403 0 0.8765091191837948
-1.4903502501786992 0.36053774730496224 0.36053774730496224 0 0.877887588296012
-1.4882058613295213 0.3597753644988526 0.3597753644988526 0 0.8792741492903338
-1.4860614724803431 0.35901172450688046 0.35901172450688046 0 0.8806688806651594
-1.4839170836311653 0.3582468229670186 0.3582468229670186 0 0.882071862000491
-1.4817726947819871 0.3574806554930152 0.3574806554930152 0 0.8834831739774682
-1.4796283059328093 0.35671321767420433 0.35671321767420433 0 0.8849028983983416
-1.4774839170836314 0.355944505075311 0.355944505075311 0 0.886331118206896
-1.4753395282344532 0.35517451323625515 0.35517451323625515 0 0.8877679175093378
-1.4731951393852754 0.3544032376719552 0.3544032376719552 0 0.8892133815956578
-1.4710507505360972 0.3536306738721267 0.3536306738721267 0 0.8906675969614835
-1.4689063616869193 0.3528568173010808 0.3528568173010808 0 0.8921306513304308
-1.4667619728377415 0.352081663397521 0.352081663397521 0 0.8936026336769771
-1.4646175839885633 0.35130520757433475 0.35130520757433475 0 0.8950836342498592
-1.4624731951393855 0.35052744521838697 0.35052744521838697 0 0.8965737445960188
-1.4603288062902073 0.3497483716903081 0.3497483716903081 0 0.8980730575851097
-1.4581844174410294 0.34896798232428167 0.34896798232428167 0 0.8995816674345782
-1.4560400285918513 0.34818627242782807 0.34818627242782807 0 0.9010996697353394
-1.4538956397426734 0.3474032372815874 0.3474032372815874 0 0.9026271614780574
-1.4517512508934955 0.34661887213910003 0.34661887213910003 0 0.9041642410800598
-1.4496068620443174 0.3458331722265827 0.3458331722265827 0 0.9057110084128891
-1.4474624731951395 0.3450461327427048 0.3450461327427048 0 0.9072675648305217
-1.4453180843459614 0.34425774885836136 0.34425774885836136 0 0.9088340131982688
-1.4431736954967835 0.34346801571644203 0.34346801571644203 0 0.9104104579223777
-1.4410293066476056 0.3426769284315992 0.3426769284315992 0 0.9119970049803556
-1.4388849177984275 0.3418844820900133 0.3418844820900133 0 0.9135937619520406
-1.4367405289492496 0.34109067174915564 0.34109067174915564 0 0.9152008380514339
-1.4345961401000715 0.34029549243754753 0.34029549243754753 0 0.9168183441593238
-1.4324517512508936 0.3394989391545182 0.3394989391545182 0 0.9184463928567188
-1.4303073624017155 0.33870100686995835 0.33870100686995835 0 0.9200850984591207
-1.4281629735525376 0.33790169052407293 0.33790169052407293 0 0.9217345770516526
-1.4260185847033597 0.33710098502712965 0.33710098502712965 0 0.9233949465250832
-1.4238741958541816 0.3362988852592049 0.3362988852592049 0 0.9250663266127566
-1.4217298070050037 0.3354953860699278 0.3354953860699278 0 0.9267488389284678
-1.4195854181558256 0.3346904822782193 0.3346904822782193 0 0.9284426070053127
-1.4174410293066477 0.33388416867203125 0.33388416867203125 0 0.9301477563355318
-1.4152966404574698 0.3330764400080795 0.3330764400080795 0 0.9318644144113937
-1.4131522516082917 0.3322672910115757 0.3322672910115757 0 0.9335927107671355
-1.4110078627591138 0.33145671637595664 0.33145671637595664 0 0.9353327770220055
-1.4088634739099357 0.3306447107626074 0.3306447107626074 0 0.9370847469244367
-1.4067190850607578 0.3298312688005857 0.3298312688005857 0 0.9388487563973875
-1.4045746962115797 0.3290163850863393 0.3290163850863393 0 0.9406249435848875
-1.4024303073624018 0.32820005418342235 0.32820005418342235 0 0.9424134488998263
-1.400285918513224 0.32738227062220693 0.32738227062220693 0 0.9442144150730268
-1.3981415296640458 0.3265630288995931 0.3265630288995931 0 0.9460279872036439
-1.395997140814868 0.3257423234787134 0.3257423234787134 0 0.9478543128109262
-1.3938527519656898 0.3249201487886362 0.3249201487886362 0 0.9496935418874001
-1.391708363116512 0.32409649922406275 0.32409649922406275 0 0.9515458269534989
-1.389563974267334 0.32327136914502386 0.32327136914502386 0 0.9534113231137142
-1.387419585418156 0.32244475287656976 0.32244475287656976 0 0.9552901881142926
-1.385275196568978 0.32161664470846 0.32161664470846 0 0.9571825824025464
-1.3831308077198 0.32078703889484506 0.32078703889484506 0 0.9590886691878293
-1.380986418870622 0.31995592965394926 0.31995592965394926 0 0.9610086145042256
-1.378842030021444 0.319123311167745 0.319123311167745 0 0.9629425872750228
-1.376697641172266 0.31828917758162734 0.31828917758162734 0 0.964890759379019
-1.3745532523230881 0.31745352300408053 0.31745352300408053 0 0.9668533057187312
-1.37240886347391 0.3166163415063454 0.3166163415063454 0 0.9688304042905747
-1.370264474624732 0.3157776271220778 0.3157776271220778 0 0.9708222362570726
-1.368120085775554 0.31493737384700554 0.31493737384700554 0 0.9728289860211743
-1.365975696926376 0.3140955756385825 0.3140955756385825 0 0.9748508413027555
-1.3638313080771982 0.3132522264156337 0.3132522264156337 0 0.9768879932173709
-1.36168691922802 0.3124073200580019 0.3124073200580019 0 0.9789406363573512
-1.3595425303788422 0.31156085040618536 0.31156085040618536 0 0.9810089688753141
-1.357398141529664 0.3107128112609733 0.3107128112609733 0 0.9830931925701888
-1.3552537526804862 0.3098631963830765 0.3098631963830765 0 0.9851935129758362
-1.353109363831308 0.30901199949275265 0.30901199949275265 0 0.9873101394523638
-1.3509649749821302 0.3081592142694288 0.3081592142694288 0 0.9894432852802344
-1.3488205861329523 0.3073048343513155 0.3073048343513155 0 0.9915931677572631
-1.3466761972837742 0.3064488533350208 0.3064488533350208 0 0.993760008298627
-1.3445318084345963 0.3055912647751563 0.3055912647751563 0 0.995944032539978
-1.3423874195854182 0.3047320621839382 0.3047320621839382 0 0.9981454704437958
-1.3402430307362403 0.30387123903078506 0.30387123903078506 0 1.0003645564090855
-1.3380986418870624 0.3030087887419093 0.3030087887419093 0 1.002601529384564
-1.3359542530378843 0.30214470469990296 0.30214470469990296 0 1.0048566329854536
-1.3338098641887064 0.3012789802433204 0.3012789802433204 0 1.0071301156140284
-1.3316654753395283 0.30041160866625183 0.30041160866625183 0 1.0094222305840628
-1.3295210864903504 0.2995425832178966 0.2995425832178966 0 1.0117332362493265
-1.3273766976411725 0.29867189710212555 0.29867189710212555 0 1.0140633961362866
-1.3252323087919944 0.2977995434770413 0.2977995434770413 0 1.0164129790811882
-1.3230879199428165 0.29692551545453205 0.29692551545453205 0 1.0187822593716807
-1.3209435310936384 0.29604980609981857 0.29604980609981857 0 1.0211715168931763
-1.3187991422444605 0.29517240843099646 0.29517240843099646 0 1.023581037280128
-1.3166547533952824 0.2942933154185711 0.2942933154185711 0 1.0260111120724296
-1.3145103645461045 0.29341251998498924 0.29341251998498924 0 1.0284620388771455
-1.3123659756969266 0.29253001500415987 0.29253001500415987 0 1.0309341215357875
-1.3102215868477485 0.29164579330097334 0.29164579330097334 0 1.0334276702973728
-1.3080771979985706 0.29075984765081136 0.29075984765081136 0 1.0359430019974964
-1.3059328091493925 0.28987217077905136 0.28987217077905136 0 1.0384804402436822
-1.3037884203002146 0.288982755360564 0.288982755360564 0 1.041040315607262
-1.3016440314510367 0.28809159401920353 0.28809159401920353 0 1.043622965822078
-1.2994996426018586 0.287198679327293 0.287198679327293 0 1.046228735990286
-1.2973552537526807 0.28630400380510007 0.28630400380510007 0 1.0488579787955736
-1.2952108649035026 0.28540755992030786 0.28540755992030786 0 1.051511054724118
-1.2930664760543247 0.2845093400874768 0.2845093400874768 0 1.05418833229361
-1.2909220872051466 0.2836093366675011 0.2836093366675011 0 1.05689018829072
-1.2887776983559687 0.28270754196705533 0.28270754196705533 0 1.0596170080173577
-1.2866333095067908 0.28180394823803573 0.28180394823803573 0 1.0623691855461395
-1.2844889206576127 0.28089854767699335 0.28089854767699335 0 1.0651471239854693
-1.2823445318084348 0.2799913324245568 0.2799913324245568 0 1.0679512357546628
-1.2802001429592567 0.27908229456485145 0.27908229456485145 0 1.0707819428695968
-1.2780557541100788 0.27817142612490653 0.27817142612490653 0 1.073639677239341
-1.2759113652609009 0.27725871907405597 0.27725871907405597 0 1.0765248809743073
-1.2737669764117228 0.2763441653233304 0.2763441653233304 0 1.0794380067064413
-1.2716225875625449 0.2754277567248409 0.2754277567248409 0 1.0823795179220292
-1.2694781987133668 0.2745094850711527 0.2745094850711527 0 1.0853498893077231
-1.2673338098641889 0.27358934209465235 0.27358934209465235 0 1.0883496071104157
-1.2651894210150108 0.27266731946690365 0.27266731946690365 0 1.0913791695116335
-1.2630450321658329 0.271743408797996 0.271743408797996 0 1.0944390870171594
-1.260900643316655 0.27081760163588126 0.27081760163588126 0 1.0975298828626292
-1.2587562544674769 0.2698898894657043 0.2698898894657043 0 1.1006520934359012
-1.256611865618299 0.26896026370912096 0.26896026370912096 0 1.103806268717022
-1.2544674767691208 0.26802871572360754 0.26802871572360754 0 1.1069929727366978
-1.252323087919943 0.26709523680175995 0.26709523680175995 0 1.110212784054184
-1.250178699070765 0.2661598181705829 0.2661598181705829 0 1.1134662962556154
-1.248034310221587 0.26522245099076713 0.26522245099076713 0 1.116754118473812
-1.245889921372409 0.2642831263559602 0.2642831263559602 0 1.1200768759306916
-1.243745532523231 0.26334183529202043 0.26334183529202043 0 1.123435210503476
-1.241601143674053 0.26239856875626416 0.26239856875626416 0 1.1268297813159474
-1.239456754824875 0.26145331763670193 0.26145331763670193 0 1.130261265356108
-1.237312365975697 0.2605060727512598 0.2605060727512598 0 1.1337303581216513
-1.2351679771265192 0.25955682484699294 0.25955682484699294 0 1.1372377742947801
-1.233023588277341 0.2586055645992846 0.2586055645992846 0 1.1407842484479662
-1.2308791994281632 0.25765228261103446 0.25765228261103446 0 1.1443705357823832
-1.228734810578985 0.2566969694118341 0.2566969694118341 0 1.1479974129008386
-1.2265904217298071 0.25573961545713064 0.25573961545713064 0 1.1516656786171477
-1.2244460328806293 0.25478021112737625 0.25478021112737625 0 1.1553761548040462
-1.2223016440314511 0.2538187467271655 0.2538187467271655 0 1.159129687281842
-1.2201572551822732 0.2528552124843606 0.2528552124843606 0 1.1629271467501943
-1.2180128663330951 0.2518895985492006 0.2518895985492006 0 1.166769429765546
-1.2158684774839172 0.250921894993399 0.250921894993399 0 1.1706574597669133
-1.2137240886347391 0.24995209180922545 0.24995209180922545 0 1.1745921881529426
-1.2115796997855612 0.24898017890857552 0.24898017890857552 0 1.1785745954133264
-1.2094353109363833 0.24800614612202326 0.24800614612202326 0 1.1826056923179091
-1.2072909220872052 0.2470299831978607 0.2470299831978607 0 1.1866865211670425
-1.2051465332380273 0.24605167980112158 0.24605167980112158 0 1.1908181571070133
-1.2030021443888492 0.2450712255125894 0.2450712255125894 0 1.1294266889374163
-1.2008577555396713 0.24408860982778985 0.24408860982778985 0 1.0796804733488143
-1.1987133666904934 0.243103822155967 0.243103822155967 0 1.0472165832680387
-1.1965689778413153 0.24211685181904338 0.24211685181904338 0 1.021536013216781
-1.1944245889921374 0.24112768805056395 0.24112768805056395 0 0.999759797489236
-1.1922802001429593 0.2401363199946201 0.2401363199946201 0 0.9805976746368468
-1.1901358112937814 0.23914273670476047 0.23914273670476047 0 0.9633397355504315
-1.1879914224446033 0.2381469271428805 0.2381469271428805 0 0.9475462876599916
-1.1858470335954254 0.23714888017809543 0.23714888017809543 0 0.9329228705990206
-1.1837026447462475 0.2361485845855943 0.2361485845855943 0 0.9192609835376678
-1.1815582558970694 0.23514602904547563 0.23514602904547563 0 0.9064066783677917
-1.1794138670478915 0.23414120214156328 0.23414120214156328 0 0.8942425118639679
-1.1772694781987134 0.23313409236020138 0.23313409236020138 0 0.8826765090494826
-1.1751250893495355 0.23212468808903294 0.23212468808903294 0 0.8716350728116563
-1.1729807005003576 0.23111297761575317 0.23111297761575317 0 0.8610582421726252
-1.1708363116511795 0.2300989491268448 0.2300989491268448 0 0.8508964137216191
-1.1686919228020016 0.22908259070629283 0.22908259070629283 0 0.8411080099840553
-1.1665475339528235 0.22806389033427277 0.22806389033427277 0 0.8316577807685159
-1.1644031451036456 0.22704283588582377 0.22704283588582377 0 0.8225155395439134
-1.1622587562544675 0.22601941512949014 0.22601941512949014 0 0.8136552061065716
-1.1601143674052896 0.22499361572594936 0.22499361572594936 0 0.8050540695110097
-1.1579699785561117 0.2239654252266078 0.2239654252266078 0 0.7966922123954405
-1.1558255897069336 0.22293483107217624 0.22293483107217624 0 0.7885520555577508
-1.1536812008577557 0.2219018205912219 0.2219018205912219 0 0.7806179934783803
-1.1515368120085776 0.2208663809986907 0.22086638099869052 1.6653345369377348e-16 0.7728760995630335
-1.1493924231593997 0.21982849939440768 0.21982849939440768 0 0.7653138854913912
-1.1472480343102218 0.21878816276154922 0.21878816276154922 0 0.7579201030259656
-1.1451036454610437 0.21774535796508807 0.21774535796508807 0 0.7506845794839593
-1.1429592566118658 0.21670007175021075 0.21670007175021075 0 0.7435980801490858
-1.1408148677626877 0.2156522907407076 0.2156522907407076 0 0.7366521924302005
-1.1386704789135098 0.21460200143733382 0.21460200143733382 0 0.7298392277155599
-1.1365260900643317 0.21354919021613802 0.21354919021613802 0 0.7231521377333415
-1.1343817012151538 0.21249384332676627 0.21249384332676627 0 0.7165844428862059
-1.132237312365976 0.21143594689072875 0.21143594689072875 0 0.7101301705334172
-1.1300929235167978 0.21037548689964106 0.21037548689964106 0 0.7037838015868532
-1.12794853466762 0.20931244921342762 0.20931244921342762 0 0.6975402240947233
-1.1258041458184418 0.20824681955849633 0.20824681955849633 0 0.6913946927294949
-1.123659756969264 0.20717858352587665 0.20717858352587665 0 0.6853427932893863
-1.121515368120086 0.2061077265693246 0.2061077265693246 0 0.6793804114771139
-1.119370979270908 0.20503423400339196 0.20503423400339196 0 0.6735037053439052
-1.11722659042173 0.2039580910014584 0.2039580910014584 0 0.6677090808874908
-1.115082201572552 0.20287928259372862 0.20287928259372862 0 0.6619931703748785
-1.112937812723374 0.2017977936651896 0.2017977936651896 0 0.6563528130279822
-1.1107934238741959 0.20071360895352897 0.20071360895352897 0 0.6507850377655463
-1.108649035025018 0.19962671304701607 0.19962671304701607 0 0.6452870477406822
-1.10650464617584 0.1985370903823393 0.1985370903823393 0 0.6398562064514202
-1.104360257326662 0.19744472524240314 0.19744472524240314 0 0.6344900252335435
-1.102215868477484 0.19634960175408392 0.19634960175408392 0 0.6291861519716581
-1.100071479628306 0.1952517038859387 0.1952517038859387 0 0.6239423608869256
-1.097927090779128 0.19415101544587315 0.19415101544587315 0 0.6187565432789197
-1.0957827019299502 0.19304752007875922 0.19304752007875922 0 0.613626699115151
-1.093638313080772 0.19194120126401099 0.19194120126401099 0 0.6085509293755715
-1.0914939242315942 0.19083204231310819 0.19083204231310819 0 0.6035274290710667
-1.089349535382416 0.1897200263670723 0.1897200263670723 0 0.598554480865003
-1.0872051465332382 0.18860513639389231 0.18860513639389231 0 0.5936304492355473
-1.08506075768406 0.1874873551858974 0.1874873551858974 0 0.5887537751239009
-1.0829163688348822 0.18636666535707871 0.18636666535707871 0 0.5839229710200611
-1.0807719799857043 0.1852430493403546 0.1852430493403546 0 0.579136616443274
-1.0786275911365262 0.1841164893847805 0.1841164893847805 0 0.5743933537792292
-1.0764832022873483 0.18298696755270402 0.18298696755270383 1.942890293094024e-16 0.5696918844402595
-1.0743388134381702 0.18185446571685757 0.18185446571685757 0 0.5650309653185052
-1.0721944245889923 0.18071896555739433 0.18071896555739433 0 0.5604094055052553
-1.0700500357398144 0.17958044855886013 0.17958044855886013 0 0.5558260632525025
-1.0679056468906363 0.17843889600710325 0.17843889600710325 0 0.5512798431552612
-1.0657612580414584 0.17729428898611937 0.17729428898611937 0 0.5467696935354021
-1.0636168691922803 0.17614660837482973 0.17614660837482973 0 0.5422946040096889
-1.0614724803431024 0.17499583484379028 0.17499583484379028 0 0.5378536032264531
-1.0593280914939245 0.17384194885183227 0.17384194885183227 0 0.5334457567568458
-1.0571837026447464 0.17268493064262896 0.17268493064262896 0 0.5290701651279794
-1.0550393137955685 0.17152476024119007 0.17152476024119007 0 0.5247259619864817
-1.0528949249463904 0.1703614174502794 0.1703614174502794 0 0.5204123123820481
-1.0507505360972125 0.16919488184675535 0.16919488184675516 1.942890293094024e-16 0.5161284111615664
-1.0486061472480344 0.16802513277782996 0.16802513277782996 0 0.511873481465223
-1.0464617583988565 0.16685214935724818 0.16685214935724818 0 0.5076467733167961
-1.0443173695496786 0.16567591046137947 0.16567591046137947 0 0.5034475623010155
-1.0421729807005005 0.1644963947252262 0.1644963947252262 0 0.49927514832150954
-1.0400285918513226 0.16331358053834083 0.16331358053834083 0 0.49512885443340576
-1.0378842030021445 0.1621274460406513 0.1621274460406513 0 0.49100802574516444
-1.0357398141529666 0.16093796911819444 0.16093796911819444 0 0.4869120283846885
-1.0335954253037887 0.1597451273987495 0.1597451273987495 0 0.48284024852514684
-1.0314510364546106 0.15854889824737536 0.15854889824737536 0 0.4787920914663458
-1.0293066476054327 0.1573492587618434 0.1573492587618434 0 0.47476698076780516
-1.0271622587562546 0.15614618576796638 0.15614618576796638 0 0.47076435743000467
-1.0250178699070767 0.1549396558148185 0.1549396558148185 0 0.4667836791205607
-1.0228734810578985 0.1537296451698435 0.1537296451698435 0 0.4628244194423218
-1.0207290922087207 0.15251612981385151 0.15251612981385151 0 0.45888606724063574
-1.0185847033595428 0.15129908543589354 0.15129908543589354 0 0.45496812594721653
-1.0164403145103647 0.15007848742801885 0.15007848742801885 0 0.45107011295826216
-1.0142959256611868 0.14885431087990478 0.14885431087990478 0 0.4471915590446358
-1.0121515368120086 0.1476265305733596 0.1476265305733596 0 0.44333200779208226
-1.0100071479628308 0.14639512097669352 0.14639512097669352 0 0.4394910150696103
-1.0078627591136529 0.14516005623895226 0.14516005623895226 0 0.4356681485242936
-1.0057183702644747 0.1439213101840103 0.1439213101840103 0 0.43186298710087656
-1.0035739814152969 0.14267885630452348 0.14267885630452348 0 0.42807512058468844
-1.0014295925661187 0.14143266775572563 0.14143266775572563 0 0.424304149166449
-0.9992852037169406 0.14018271734907997 0.14018271734907978 1.942890293094024e-16 0.42054968302769025
-0.997140814867763 0.1389289775457669 0.1389289775457669 0 0.4168113419455598
-0.9949964260185848 0.13767142045001132 0.13767142045001113 1.942890293094024e-16 0.41308875491588104
-0.9928520371694067 0.13641001780224107 0.13641001780224107 0 0.4093815597934255
-0.9907076483202291 0.13514474097207446 0.13514474097207427 1.942890293094024e-16 0.4056894029483943
-0.988563259471051 0.13387556095112552 0.13387556095112552 0 0.4020119389381956
-0.9864188706218728 0.13260244834562981 0.13260244834562981 0 0.39834883019366196
-0.9842744817726947 0.13132537336887642 0.13132537336887642 0 0.3946997467188882
-0.982130092923517 0.13004430583344698 0.13004430583344698 0 0.39106436580394366
-0.9799857040743389 0.12875921514324962 0.12875921514324962 0 0.3874423717497425
-0.9778413152251608 0.1274700702853473 0.1274700702853473 0 0.3838334556044176
-0.9756969263759832 0.12617683982156963 0.12617683982156963 0 0.3802373149105636
-0.973552537526805 0.12487949187989994 0.12487949187989994 0 0.37665365346276297
-0.9714081486776269 0.1235779941456376 0.1235779941456376 0 0.3730821810748572
-0.9692637598284493 0.122272313852319 0.122272313852319 0 0.3695226133564255
-0.9671193709792711 0.12096241777239332 0.12096241777239332 0 0.36597467149799146
-0.964974982130093 0.11964827220765041 0.11964827220765041 0 0.36243808206450684
-0.9628305932809149 0.11832984297937962 0.11832984297937962 0 0.35891257679665667
-0.9606862044317372 0.11700709541826443 0.11700709541826443 0 0.3553978924195976
-0.9585418155825591 0.11567999435399197 0.11567999435399197 0 0.3518937704587253
-0.956397426733381 0.11434850410457949 0.11434850410457949 0 0.3483999570621243
-0.9542530378842033 0.11301258846539622 0.11301258846539602 1.942890293094024e-16 0.34491620282933433
-0.9521086490350252 0.1116722106978781 0.1116722106978781 0 0.3414422626461184
-0.9499642601858471 0.11032733351792397 0.11032733351792397 0 0.3379778955249238
-0.947819871336669 0.10897791908395718 0.10897791908395718 0 0.3345228644507337
-0.9456754824874913 0.10762392898464784 0.10762392898464784 0 0.3310769362320392
-0.9435310936383132 0.10626532422627458 0.10626532422627458 0 0.32763988135665634
-0.9413867047891351 0.10490206521972628 0.10490206521972609 1.942890293094024e-16 0.3242114738521553
-0.9392423159399574 0.10353411176711676 0.10353411176711676 0 0.32079149115064104
-0.9370979270907793 0.10216142304800548 0.10216142304800548 0 0.31737971395766723
-0.9349535382416012 0.10078395760521376 0.10078395760521376 0 0.3139759261250765
-0.9328091493924231 0.099401673330212 0.0994016733302118 2.0816681711721685e-16 0.3105799145275386
-0.9306647605432454 0.09801452744806982 0.09801452744806982 0 0.3071914689426057
-0.9285203716940673 0.09662247650195047 0.09662247650195026 2.0816681711721685e-16 0.3038103819340871
-0.9263759828448892 0.09522547633713296 0.09522547633713296 0 0.30043644873857184
-0.9242315939957115 0.09382348208454341 0.09382348208454341 0 0.2970694671549108
-0.9220872051465334 0.09241644814377596 0.09241644814377596 0 0.2937092374365041
-0.9199428162973553 0.09100432816558862 0.09100432816558862 0 0.2903555621862336
-0.9177984274481776 0.08958707503384973 0.08958707503384973 0 0.28700824625388
-0.9156540385989995 0.08816464084691192 0.08816464084691192 0 0.28366709663587736
-0.9135096497498214 0.08673697689839978 0.08673697689839978 0 0.28033192237727345
-0.9113652609006433 0.08530403365737912 0.08530403365737912 0 0.2770025344757424
-0.9092208720514656 0.08386576074788886 0.08386576074788886 0 0.27367874578752593
-0.9070764832022875 0.08242210692780758 0.08242210692780758 0 0.2703603709351683
-0.9049320943531094 0.08097302006703251 0.08097302006703251 0 0.26704722621692867
-0.9027877055039317 0.07951844712493746 0.07951844712493746 0 0.26373912951773654
-0.9006433166547536 0.07805833412708384 0.07805833412708384 0 0.26043590022157564
-0.8984989278055755 0.07659262614115646 0.07659262614115646 0 0.2571373591251878
-0.8963545389563974 0.07512126725208727 0.07512126725208727 0 0.25384332835297063
-0.8942101501072197 0.07364420053633662 0.07364420053633641 2.0816681711721685e-16 0.2505536312729636
-0.8920657612580416 0.07216136803529692 0.07216136803529692 0 0.24726809241381342
-0.8899213724088635 0.07067271072778297 0.07067271072778297 0 0.2439865373826114
-0.8877769835596858 0.06917816850156634 0.06917816850156634 0 0.24070879278349044
-0.8856325947105077 0.0676776801239161 0.0676776801239161 0 0.23743468613688018
-0.8834882058613296 0.0661711832111057 0.0661711832111057 0 0.2341640457993201
-0.8813438170121515 0.06465861419683538 0.06465861419683538 0 0.23089670088371525
-0.8791994281629738 0.06313990829952833 0.06313990829952833 0 0.22763248117994134
-0.8770550393137957 0.06161499948844709 0.061614999488446884 2.0816681711721685e-16 0.22437121707568713
-0.8749106504646176 0.060083820448582195 0.060083820448582195 0 0.2211127394774397
-0.8727662616154399 0.058546302544255704 0.058546302544255704 0 0.21785687973149687
-0.8706218727662618 0.05700237578138026 0.05700237578138026 0 0.21460346954490844
-0.8684774839170837 0.055451968768318594 0.055451968768318385 2.0816681711721685e-16 0.21135234090624078
-0.866333095067906 0.05389500867527401 0.05389500867527401 0 0.20810332600605375
-0.8641887062187279 0.052331421192146094 0.052331421192146094 0 0.20485625715697586
-0.8620443173695498 0.05076113048478265 0.05076113048478265 0 0.2016109667132826
-0.8598999285203717 0.04918405914954997 0.04918405914954997 0 0.19836728698984568
-0.857755539671194 0.04760012816614317 0.04760012816614317 0 0.19512505018034776
-0.8556111508220159 0.04600925684855383 0.04600925684855383 0 0.19188408827464035
-0.8534667619728378 0.0444113627941063 0.0444113627941063 0 0.18864423297512734
-0.8513223731236601 0.04280636183046958 0.04280636183046958 0 0.18540531561204004
-0.849177984274482 0.04119416796054255 0.04119416796054255 0 0.1821671670574777
-0.8470335954253039 0.03957469330511678 0.03957469330511678 0 0.17892961763808485
-0.8448892065761258 0.037947848043195745 0.037947848043195745 0 0.17569249704621476
-0.8427448177269481 0.036313540349862734 0.036313540349862734 0 0.17245563424944504
-0.84060042887777 0.03467167633156704 0.03467167633156704 0 0.1692188573982855
-0.8384560400285919 0.03302215995870126 0.03302215995870126 0 0.16598199373193132
-0.8363116511794142 0.031364892995329685 0.031364892995329685 0 0.16274486948189001
-0.8341672623302361 0.029699774925917032 0.029699774925917032 0 0.15950730977331037
-0.832022873481058 0.02802670287890692 0.02802670287890692 0 0.15626913852384394
-0.8298784846318799 0.02634557154697662 0.02634557154697662 0 0.15303017833983742
-0.8277340957827022 0.02465627310379688 0.02465627310379688 0 0.1497902504096666
-0.8255897069335241 0.022958697117104715 0.022958697117104715 0 0.14654917439399903
-0.823445318084346 0.02125273045789347 0.02125273045789347 0 0.14330676831277323
-0.8213009292351683 0.01953825720550175 0.01953825720550175 0 0.14006284842865052
-0.8191565403859902 0.01781515854837751 0.01781515854837751 0 0.1368172291267037
-0.8170121515368121 0.016083312680279325 0.016083312680279325 0 0.13356972279008508
-0.8148677626876344 0.014342594691647647 0.014342594691647647 0 0.13032013967138914
-0.8127233738384563 0.01259287645587894 0.01259287645587894 0 0.12706828775942575
-0.8105789849892782 0.01083402651020917 0.01083402651020917 0 0.1238139726411002
-0.8084345961401 0.00906590993088451 0.00906590993088451 0 0.12055699735805377
-0.8062902072909224 0.007288388202297744 0.007288388202297744 0 0.11729716225773813
-0.8041458184417443 0.005501319079713858 0.005501319079713858 0 0.11403426483852466
-0.8020014295925662 0.00370455644522157 0.00370455644522157 0 0.11076809958848025
-0.7998570407433885 0.001897950156479488 0.001897950156479488 0 0.1074984578173581
-0.7977126518942104 0.0000813458878277145 0.0000813458878277145 0 0.10422512748136444
-0.7955682630450323 -0.0017454150367099974 -0.0017454150367099974 0 0.10094789300021735
-0.7934238741958541 -0.0035824958190434552 -0.0035824958190434552 0 0.09766653506596928
-0.7912794853466765 -0.00543006437180148 -0.00543006437180148 0 0.09438083044303923
-0.7891350964974984 -0.00728829351286585 -0.00728829351286585 0 0.09109055175885972
-0.7869907076483202 -0.009157361170289133 -0.009157361170289133 0 0.08779546728449504
-0.7848463187991426 -0.011037450598278466 -0.011037450598278466 0 0.0844953407045369
-0.7827019299499645 -0.012928750604977236 -0.012928750604977236 0 0.08118993087553415
-0.7805575411007863 -0.014831455792831854 -0.014831455792831854 0 0.07787899157216556
-0.7784131522516087 -0.016745766812407577 -0.016745766812407577 0 0.0745622712202761
-0.7762687634024306 -0.018671890630567445 -0.018671890630567445 0 0.07123951261585518
-0.7741243745532524 -0.020610040814018488 -0.020610040814018488 0 0.06791045262895037
-0.7719799857040743 -0.02256043782930518 -0.02256043782930518 0 0.0645748218914171
-0.7698355968548967 -0.024523309360423646 -0.024523309360423646 0 0.061232344467333194
-0.7676912080057186 -0.02649889064532885 -0.02649889064532885 0 0.057882737504791094
-0.7655468191565404 -0.02848742483271202 -0.02848742483271202 0 0.05452571086768873
-0.7634024303073628 -0.030489163360555963 -0.030489163360556078 1.1449174941446927e-16 0.051160966745998786
-0.7612580414581847 -0.03250436635810074 -0.03250436635810074 0 0.047788199242879754
-0.7591136526090065 -0.034533303072992884 -0.034533303072992884 0 0.04440709393684821
-0.7569692637598284 -0.03657625232557376 -0.03657625232557376 0 0.04101732741705142
-0.7548248749106508 -0.03863350299241301 -0.03863350299241301 0 0.037618566789524605
-0.7526804860614726 -0.04070535452141866 -0.04070535452141866 0 0.034210469152097536
-0.7505360972122945 -0.04279211748104407 -0.042792117481044306 2.3592239273284576e-16 0.030792681035425096
-0.7483917083631169 -0.044894114146393424 -0.044894114146393424 0 0.027364837807332662
-0.7462473195139387 -0.047011679125257146 -0.047011679125257146 0 0.023926563037436337
-0.7441029306647606 -0.04914516002743999 -0.04914516002743999 0 0.02047746781867854
-0.7419585418155825 -0.05129491818106998 -0.05129491818106998 0 0.017017150042076178
-0.7398141529664048 -0.05346132939994648 -0.05346132939994648 0 0.013545193620623258
-0.7376697641172267 -0.055644784806418233 -0.055644784806418233 0 0.010061167657848945
-0.7355253752680486 -0.05784569171473751 -0.05784569171473751 0 0.006564625556085293
-0.733380986418871 -0.060064474580381146 -0.060064474580381146 0 0.003055104058942347
-0.7312365975696928 -0.06183369824332873 -0.06230157602141517 0.000467877778086441 0
-0.7290922087205147 -0.060552638223011095 -0.06455745791864174 0.00400481969563065 2.3592239273284576e-16
-0.726947819871337 -0.059276361177459436 -0.06683260260204713 0.00755624142458769 2.3592239273284576e-16
-0.7248034310221589 -0.05800483015714165 -0.06912751413189737 0.011122683974755722 0
-0.7226590421729808 -0.05673800865652606 -0.07144271968381752 0.014704711027291456 0
-0.7205146533238027 -0.05547586060685349 -0.07377877104828567 0.01830291044143218 0
-0.718370264474625 -0.05421835036905777 -0.07613624625622459 0.02191789588716682 0
-0.7162258756254469 -0.05296544272683133 -0.07851575134381034 0.025550308616979003 1.1102230246251565e-16
-0.7140814867762688 -0.05171710287983324 -0.08091792227124635 0.029200819391413106 0
-0.7119370979270911 -0.05047329643703339 -0.08334342701213618 0.03287013057510279 0
-0.709792709077913 -0.04923398941019062 -0.08579296783223857 0.036558978422047944 2.3592239273284576e-16
-0.7076483202287349 -0.04799914820746522 -0.08826728377886882 0.0402681355714036 0
-0.7055039313795568 -0.04676873962715574 -0.09076715340509184 0.0439984137779361 0
-0.7033595425303791 -0.04554273085156274 -0.09329339775616513 0.04775066690460239 0
-0.701215153681201 -0.04432108944097313 -0.09584688364956606 0.051525794208592934 0
-0.6990707648320229 -0.043103783327765315 -0.09842852728442172 0.05532474395665641 0
-0.6969263759828452 -0.041890780810628324 -0.10103929822144975 0.05914851741082142 1.1102230246251565e-16
-0.6947819871336671 -0.040682050548895204 -0.10368022378067768 0.06299817323178247 0
-0.692637598284489 -0.0394775615569878 -0.10635239391147261 0.06687483235448481 0
-0.6904932094353109 -0.03827728319896865 -0.10905696659802477 0.07077968339905613 0
-0.6883488205861332 -0.037081185183197925 -0.1117951738735862 0.07471398869038828 0
-0.6862044317369551 -0.035889237557094805 -0.11456832852890085 0.07867909097180605 0
-0.684060042887777 -0.03470141070199841 -0.11737783161474508 0.08267642091274666 0
-0.6819156540385993 -0.033517675328128514 -0.12022518085590125 0.08670750552777273 1.249000902703301e-16
-0.6797712651894212 -0.03233800246963905 -0.12311198011485369 0.09077397764521464 0
-0.6776268763402431 -0.031162363479769757 -0.1260399500689062 0.09487758658913645 1.1102230246251565e-16
-0.6754824874910654 -0.029990730026086626 -0.12901094029539864 0.09902021026931201 0
-0.6733380986418873 -0.02882307408581202 -0.13202694299755555 0.10320386891174352 1.3877787807814457e-16
-0.6711937097927092 -0.027659367941244028 -0.13509010865016585 0.10743074070892182 0
-0.6690493209435311 -0.026499584175260018 -0.13820276390205416 0.11170317972679414 0
-0.6669049320943534 -0.02534369566690432 -0.1413674321442713 0.11602373647736698 0
-0.6647605432451753 -0.024191675587056788 -0.14458685724322135 0.12039518165616456 0
-0.6626161543959972 -0.023043497394183217 -0.14786403105198112 0.12482053365779791 0
-0.6604717655468195 -0.021899134830162568 -0.1512022254582273 0.12930309062806475 1.1102230246251565e-16
-0.6583273766976414 -0.020758561916189758 -0.15460502991337896 0.1338464679971892 0
-0.6561829878484633 -0.019621752948755462 -0.15807639562850123 0.13845464267974578 0
-0.6540385989992852 -0.018488682495697628 -0.16162068793713963 0.143132005441442 0
-0.6518942101501075 -0.017359325392324227 -0.1652427487401187 0.14788342334779447 1.3877787807814457e-16
-0.6497498213009294 -0.016233656737605986 -0.16894797150028817 0.15271431476268219 1.3877787807814457e-16
-0.6476054324517513 -0.015111651890438966 -0.17274239200059907 0.1576307401101601 0
-0.6454610436025736 -0.013993286465972542 -0.17663279909635793 0.1626395126303854 1.1102230246251565e-16
-0.6433166547533955 -0.012878536332002505 -0.18062687110013154 0.16774833476812903 0
-0.6411722659042174 -0.011767377605429978 -0.18473334541417785 0.17296596780874787 0
-0.6390278770550393 -0.010659786648781783 -0.18896223184556807 0.17830244519678629 1.3877787807814457e-16
-0.6368834882058616 -0.009555740066792379 -0.1933250841358664 0.18376934406907403 0
-0.6347390993566835 -0.008455214703045255 -0.1347363769709134 0.12628116226786815 0.12619794667203732
-0.6325947105075054 -0.00735818763667497 -0.10195361800288379 0.09459543036620882 0.2011104272281421
-0.6304503216583277 -0.006264636179124589 -0.07921604946059357 0.07295141328146898 0.2562964894601252
-0.6283059328091496 -0.0051745378709601025 -0.06098593487878373 0.05581139700782363 0.30287673057089814
-0.6261615439599715 -0.004087870478741083 -0.04546453558364276 0.04137666510490168 0.3445036542563749
-0.6240171551107938 -0.0030046119919441565 -0.0317973656961926 0.02879275370424844 0.3829544554963703
-0.6218727662616157 -0.0019247406199384724 -0.01949945023717632 0.017574709617237845 0.4192853495158598
-0.6197283774124376 -0.0008482347890160279 -0.008264504794894698 0.00741627000587867 0.4542206021865089
-0.6175839885632595 0.0021153476859916546 0.0002249268605306361 0.0018904208254610184 0.4864344570849766
-0.6154395997140818 0.011788738314424183 0.0012947654772791398 0.010493972837145043 0.5116074370380035
-0.6132952108649037 0.020866222108666094 0.002361302001500592 0.0185049201071655 0.5375652999889635
-0.6111508220157256 0.029432626834170163 0.0034245571679335273 0.026008069666236637 0.5648560051038666
-0.6090064331665479 0.03755469302545627 0.004484551508512962 0.033070141516943305 0.5943351939598766
-0.6068620443173698 0.04528602813905988 0.005541305355053207 0.039744722784006675 0.6276206708954106
-0.6047176554681917 0.052670444949034556 0.006594838841884603 0.046075606107149954 0.6689205655342743
-0.6025732666190136 0.0597442844436169 0.007645171908449078 0.05209911253516782 0.755985248623744
-0.6004288777698359 0.06653807663853933 0.008692324301849064 0.05784575233669027 0.7600448169412952
-0.5982844889206578 0.07307775604308323 0.009736315579359046 0.06334144046372418 0.763993365864478
-0.5961401000714797 0.07938556940078977 0.010777165110889393 0.06860840428990037 0.7678419402796164
-0.593995711222302 0.0854807657594958 0.011814892081416395 0.0736658736780794 0.7716000888790538
-0.5918513223731239 0.09138012936770205 0.01284951549336874 0.07853061387433331 0.7752761305687503
-0.5897069335239458 0.09709839699008889 0.0138810541689749 0.08321734282111398 0.7788773630868643
-0.5875625446747677 0.10264858883234083 0.01490952675257419 0.08773906207976664 0.7824102284283733
-0.58541815582559 0.10804227394152559 0.015934951712889542 0.09210732222863605 0.7858804455088111
-0.5832737669764119 0.11328978524712388 0.016957347345264096 0.09633243790185979 0.7892931176496394
-0.5811293781272338 0.11840039543067929 0.01797673177386052 0.10042366365681876 0.7926528204791997
-0.5789849892780561 0.12338246199121891 0.018993122953826224 0.10438933903739268 0.7959636744327945
-0.576840600428878 0.128243547842294 0.020006538673425316 0.10823700916886868 0.7992294050197891
-0.5746962115796999 0.13299052229342578 0.021016996556132643 0.11197352573729313 0.802453393284095
-0.5725518227305222 0.13762964617208467 0.022024514062698737 0.11560513210938594 0.8056387183360763
-0.5704074338813441 0.14216664402181745 0.02302910849318061 0.11913753552863683 0.8087881934236526
-0.568263045032166 0.1466067656915828 0.024030796988938938 0.12257596870264385 0.8119043967001076
-0.5661186561829878 0.15095483915731867 0.025029596534606968 0.1259252426227117 0.8149896976090888
-0.5639742673338102 0.15521531605117111 0.026025523960026026 0.1291897920911451 0.8180462796244903
-0.5618298784846321 0.15939231108949545 0.027018595942152977 0.13237371514734247 0.8210761599407492
-0.559685489635454 0.1634896363677226 0.02800882900693491 0.1354808073607877 0.8240812065975833
-0.5575411007862763 0.16751083131400837 0.028996239531158752 0.1385145917828496 0.8270631534351066
-0.5553967119370982 0.17145918895331577 0.02998084374426917 0.1414783452090466 0.8300236132051294
-0.55325232308792 0.17533777902121137 0.030962657730160034 0.14437512129105134 0.8329640891082628
-0.5511079342387419 0.17914946837607543 0.03194169742893776 0.14720777094713766 0.8358859849811614
-0.5489635453895643 0.18289693908488383 0.03291797863865771 0.1499789604462261 0.838790614321467
-0.5468191565403862 0.18658270449778802 0.03389151701703539 0.15269118748075264 0.8416792083080473
-0.544674767691208 0.19020912357751313 0.03486232808312867 0.15534679549438446 0.8445529229495261
-0.5425303788420304 0.19377841370907223 0.035830427218998304 0.1579479864900739 0.8474128454738411
-0.5403859899928523 0.19729266218169644 0.03679582967134027 0.16049683251035618 0.8502600000547637
-0.5382416011436741 0.2007538365069259 0.03775855055309537 0.16299528595383053 0.8530953529573395
-0.536097212294496 0.20416379371347293 0.038718604845033276 0.16544518886843965 0.8559198171725445
-0.5339528234453184 0.207524288739829 0.03967600739731417 0.16784828134251484 0.8587342566016318
-0.5318084345961402 0.21083698202909645 0.04063077293102737 0.17020620909806908 0.8615394898423985
-0.5296640457469621 0.2141034464165219 0.041582916039704654 0.17252053037681725 0.8643362936225972
-0.5275196568977845 0.21732517338837637 0.04253245119081378 0.1747927221975626 0.8671254059198106
-0.5253752680486063 0.2205035787806951 0.04347939272722927 0.17702418605346582 0.8699075288020374
-0.5232308791994282 0.22364000797775752 0.044423754868680006 0.17921625310907752 0.8726833310189124
-0.5210864903502506 0.22673574066279265 0.04536555171317796 0.18137018894961468 0.8754534503698095
-0.5189421015010725 0.22979199516701107 0.046304797238424525 0.18348719792858653 0.8782184958718614
-0.5167977126518943 0.23280993245756587 0.04724150530319647 0.1855684271543694 0.8809790497481944
-0.5146533238027162 0.23579065980030725 0.048175689648711696 0.18761497015159556 0.8837356692543038
-0.5125089349535386 0.23873523412905193 0.04910736389997574 0.18962787022907618 0.8864888883584294
-0.5103645461043604 0.24164466514951644 0.05003654156710916 0.19160812358240728 0.8892392192899983
-0.5082201572551823 0.24451991820291716 0.050963236046653954 0.1935566821562632 0.8919871539686283
-0.5060757684060047 0.2473619169115321 0.05188746062286201 0.19547445628867008 0.8947331653248455
-0.5039313795568265 0.25017154562609734 0.05280922846896748 0.19736231715712985 0.8974777085224444
-0.5017869907076484 0.25294965169282113 0.05372855264843702 0.19922109904438412 0.9002212220913798
-0.4996426018584703 0.2556970475559521 0.054645446116204976 0.2010516014397471 0.9029641289791572
-0.49749821300929264 0.2584145127101881 0.05555992171988976 0.20285459099029834 0.9057068375278675
-0.49535382416011453 0.2611027955157919 0.05647199220099417 0.20463080331479774 0.9084497423832958
-0.4932094353109364 0.2637626148879765 0.05738167019608795 0.20638094469188853 0.911193225341885
-0.49106504646175875 0.26639466187101485 0.05828896823797223 0.20810569363304263 0.9139376561407843
-0.48892065761258063 0.2689996011065071 0.0591938987568318 0.20980570234967533 0.9166833931957034
-0.4867762687634025 0.2715780722043341 0.06009647408136688 0.21148159812296724 0.9194307842908304
-0.48463187991422485 0.27413069102404825 0.06099670643991127 0.21313398458413696 0.9221801672246999
-0.48248749106504674 0.2766580508737188 0.061894607961534794 0.21476344291218402 0.9249318704155197
-0.4803431022158686 0.279160723632608 0.06279019067713025 0.21637053295547776 0.927686213469146
-0.4781987133666905 0.28163926080349944 0.06368346652048514 0.21795579428301431 0.9304435077126257
-0.47605432451751284 0.28409419449996115 0.06457444732933891 0.21951974717062223 0.9332040566959497
-0.4739099356683347 0.2865260383733833 0.0654631448464258 0.22106289352695752 0.9359681566644422
-0.4717655468191566 0.2889352884841919 0.0663495707205024 0.22258571776368952 0.9387360970039943
-0.46962115796997894 0.29132242412128917 0.067233736507363 0.22408868761392617 0.9415081606611746
-0.46747676912080083 0.29368790857340943 0.06811565367083931 0.2255722549025701 0.9442846245400657
-0.4653323802716227 0.29603218985577917 0.06899533358378758 0.2270368562719916 0.9470657598775287
-0.4631879914224446 0.2983557013952013 0.06987278752906137 0.22848291386613992 0.9498518325984691
-0.46104360257326693 0.3006588626764153 0.070748026700473 0.22991083597594228 0.952643103652534
-0.4588992137240888 0.30294207985237 0.07162106220374088 0.2313210176486291 0.9554398293335725
-0.4567548248749107 0.30520574632082453 0.07249190505742294 0.2327138412634016 0.958242261583072
-0.45461043602573303 0.30745024326951736 0.07336056619383954 0.23408967707567782 0.9610506482787095
-0.4524660471765549 0.30967594019196426 0.07422705645998394 0.2354488837319803 0.9638652335090553
-0.4503216583273768 0.31188319537577935 0.07509138661841898 0.2367918087573604 0.9666862578353881
-0.4481772694781987 0.3140723563652909 0.07595356734816307 0.23811878901712785 0.9695139585415226
-0.446032880629021 0.3162437604000719 0.07681360924556409 0.23943015115450783 0.972348569872476
-0.4438884917798429 0.3183977348308994 0.07767152282516313 0.24072621200573627 0.9751903232627402
-0.4417441029306648 0.32053459751453245 0.07852731852054397 0.2420072789939885 0.9780394475548748
-0.4395997140814871 0.32265465718861597 0.07938100668517352 0.24327365050344246 0.9808961692090865
-0.437455325232309 0.3247582138279095 0.08023259759323165 0.24452561623467783 0.9837607125044188
-0.4353109363831309 0.3268455589829572 0.08108210144042786 0.24576345754252932 0.9866332997321193
-0.43316654753395323 0.3289169761022489 0.08192952834480964 0.24698744775743925 0.9895141513817385
-0.4310221586847751 0.33097274083883543 0.08277488834755943 0.24819785249127602 0.9924034863204538
-0.428877769835597 0.33301312134229955 0.08361819141378117 0.24939492992851836 0.995301521966092
-0.4267333809864189 0.3350383785369303 0.08445944743327607 0.25057893110365426 0.9982084744543024
-0.4245889921372412 0.33704876638688247 0.08529866622131001 0.2517501001655725 1.001124558800283
-0.4224446032880631 0.3390445321490536 0.08613585751936992 0.2529086746296837 1.0040499890554662
-0.420300214438885 0.34102591661436477 0.08697103099591022 0.2540548856184546 1.0069849784595089
-0.4181558255897073 0.3429931543380853 0.0878041962470903 0.255188958090995 1.0099297395879605
-0.4160114367405292 0.3449464738598037 0.08863536279750334 0.25631111106230037 1.0128844844959175
-0.4138670478913511 0.3468860979135976 0.0894645401008933 0.25742155781270426 1.015849424857973
-0.411722659042173 0.3488122436289371 0.09029173754086664 0.2585205060880704 1.0188247721047692
-0.4095782701929953 0.3507251227228095 0.09111696443159037 0.2596081582912191 1.0218107375564123
-0.4074338813438172 0.3526249416835292 0.0919402300184868 0.2606847116650424 1.0248075325530304
-0.4052894924946391 0.3545119019466624 0.09276154347891377 0.26175035846774863 1.0278153685827027
-0.4031451036454614 0.35638620006348043 0.09358091392284072 0.2628052861406397 1.0308344574070254
-0.4010007147962833 0.35824802786232074 0.09439835039351498 0.2638496774688058 1.0338650111845242
-0.3988563259471052 0.36009757260321207 0.09521386186811763 0.2648837107350944 1.036907242592134
-0.39671193709792707 0.3619350171261103 0.09602745725841567 0.26590755986769465 1.039961364944964
-0.3945675482487494 0.3637605399930563 0.09683914541140089 0.2669213945816554 1.0430275923145356
-0.3924231593995713 0.3655743156245612 0.09764893510992582 0.2679253805146354 1.046106139645704
-0.3902787705503932 0.3673765144304955 0.09845683507332736 0.26891967935716815 1.049197222872428
-0.3881343817012155 0.3691673029357563 0.0992628539580459 0.2699044489777104 1.0523010590325894
-0.3859899928520374 0.3709468439009598 0.10006700035823565 0.2708798435427241 1.0554178663820266
-0.3838456040028593 0.3727152964383944 0.10086928280636713 0.27184601363202726 1.05854786450795
-0.3817012151536816 0.37447281612346367 0.10166970977382275 0.2728031063496409 1.06169127444191
-0.3795568263045035 0.3762195551018296 0.10246828967148602 0.27375126543034356 1.0648483187724802
-0.3774124374553254 0.3779556621924495 0.10326503085032102 0.2746906313421285 1.068019221757805
-0.37526804860614726 0.37968128298670883 0.10405994160194763 0.2756213413847612 1.0712042094381773
-0.3731236597569696 0.3813965599438148 0.10485303015920867 0.2765435297846061 1.0744035097487907
-0.3709792709077915 0.3831016324826336 0.10564430469672983 0.2774573277859038 1.077617352632822
-0.36883488205861337 0.38479663707011774 0.10643377333147293 0.27836286373864483 1.080845970154988
-0.3666904932094357 0.3864817073064894 0.10722144412328324 0.2792602631832062 1.0840895966157251
-0.3645461043602576 0.3881569740073148 0.10800732507542965 0.28014964893188515 1.087348468666145
-0.36240171551107947 0.3898225652826076 0.10879142413513879 0.28103114114746885 1.0906228254238968
-0.36025732666190136 0.3914786066130945 0.10957374919412168 0.28190485741897287 1.0939129085900992
-0.3581129378127237 0.39312522092376234 0.11035430808909616 0.28277091283466615 1.0972189625674742
-0.3559685489635456 0.394762528654807 0.1111331086023014 0.2836294200525056 1.1005412345798409
-0.35382416011436746 0.3963906478300884 0.11191015846200597 0.28448048936808246 1.103879974793101
-0.3516797712651898 0.3980096941232063 0.1126854653430123 0.28532422878019403 1.1072354364378802
-0.3495353824160117 0.3996197809212909 0.11345903686715286 0.28616074405413805 1.110607875933972
-0.34739099356683356 0.4012210193866018 0.11423088060378152 0.2869901387828203 1.1139975530167232
-0.34524660471765545 0.4028135185160334 0.11500100407025844 0.287812514445775 1.1174047308655342
-0.3431022158684778 0.40439738519860546 0.11576941473243087 0.2886279704661746 1.120829676234618
-0.34095782701929966 0.405972724271026 0.11653612000510637 0.2894366042659196 1.124272659586186
-0.33881343817012155 0.40753963857140035 0.11730112725252201 0.29023851131887834 1.1277339552262136
-0.3366690493209439 0.4090982289911644 0.11806444378880737 0.291033785202357 1.1312138414429649
-0.33452466047176577 0.41064859452531344 0.11882607687844204 0.2918225176468714 1.1347126006484438
-0.33238027162258765 0.4121908323209885 0.11958603373670913 0.2926047985842794 1.1382305195229392
-0.33023588277341 0.4137250377244916 0.12034432153014102 0.2933807161943506 1.1417678891628575
-0.32809149392423187 0.4152513043267896 0.1211009473769639 0.29415035694982566 1.1453250052320243
-0.32594710507505376 0.41676972400755946 0.12185591834753225 0.29491380566002723 1.1489021681166376
-0.32380271622587564 0.4182803869778417 0.12260924146476318 0.2956711455130785 1.1524996830840906
-0.321658327376698 0.41978338182134506 0.12336092370456196 0.2964224581167831 1.1561178604458495
-0.31951393852751986 0.4212787955344628 0.1241109719962456 0.2971678235382172 1.1597570157246138
-0.31736954967834174 0.4227667135650386 0.12485939322295973 0.29790732034207884 1.1634174698259625
-0.3152251608291641 0.4242472198499408 0.12560619422209154 0.2986410256278492 1.1670995492147354
-0.31308077197998596 0.4257203968514822 0.12635138178567798 0.29936901506580427 1.17080358609637
-0.31093638313080785 0.4271863255927272 0.12709496266080927 0.3000913629319179 1.1745299186034437
-0.30879199428162973 0.4286450856917327 0.12783694355002792 0.3008081421417048 1.1782788909876871
-0.30664760543245206 0.4300967553947579 0.12857733111172323 0.3015194242830347 1.1820508538177217
-0.30450321658327395 0.43154141160848164 0.12931613196052152 0.3022252796479601 1.1858461641828164
-0.30235882773409584 0.4329791299312615 0.13005335266767176 0.3029257772635897 1.1896651859029341
-0.30021443888491817 0.4344099846834711 0.1307889997614267 0.30362098492204437 1.1935082897453941
-0.29807005003574005 0.43583404893695027 0.131523079727421 0.30431096920952927 1.1973758536484538
-0.29592566118656194 0.43725139454359124 0.13225559900904324 0.30499579553454803 1.20126826295214
-0.2937812723373838 0.43866209216310253 0.13298656400780542 0.3056755281552971 1.2051859106366893
-0.29163688348820616 0.4400662112899701 0.1337159810837074 0.3063502302062627 1.2091291975689522
-0.28949249463902804 0.4414638202796502 0.1344438565555985 0.3070199637240517 1.2130985327571473
-0.28734810578984993 0.44285498637401405 0.13517019670153324 0.3076847896724808 1.2170943336143583
-0.28520371694067226 0.4442397757260763 0.13589500775912472 0.3083447679669516 1.2211170262312059
-0.28305932809149414 0.4456182534240285 0.1366182959258943 0.3089999574981342 1.2251670456581287
-0.28091493924231603 0.44699048351460025 0.137340067359616 0.30965041615498423 1.2292448361977324
-0.27877055039313836 0.4483565290257725 0.13806032817865815 0.31029620084711435 1.2333508517077034
-0.27662616154396025 0.44971645198886656 0.13877908446232184 0.3109373675265447 1.2374855559148004
-0.27448177269478213 0.4510703134600229 0.13949634225117408 0.31157397120884883 1.2416494227404464
-0.272337383845604 0.4524181735410984 0.1402121075473793 0.31220606599371914 1.2458429366385146
-0.27019299499642635 0.4537600913999948 0.14092638631502463 0.31283370508497016 1.2500665929458887
-0.26804860614724824 0.455096125290441 0.14163918448044635 0.31345694080999464 1.2543208982464389
-0.2659042172980701 0.45642633257124365 0.14235050793254628 0.3140758246386974 1.2586063707490696
-0.26375982844889245 0.45775076972502493 0.14306036252311038 0.31469040720191455 1.2629235406805543
-0.26161543959971434 0.4590694923764671 0.14376875406712225 0.31530073830934485 1.2672729506938953
-0.2594710507505362 0.46038255531007144 0.1444756883430714 0.31590686696700004 1.2716551562929843
-0.2573266619013581 0.46169001248745634 0.1451811710932605 0.31650884139419583 1.2760707262744087
-0.25518227305218044 0.4629919170642028 0.14588520802410876 0.317106709040094 1.28052024318727
-0.25303788420300233 0.46428832140626475 0.14658780480645195 0.3177005165998128 1.285004303811948
-0.2508934953538242 0.4655792771059547 0.14728896707583908 0.31829031003011565 1.2895235196587904
-0.24874910650464654 0.46686483499752274 0.14798870043282528 0.31887613456469743 1.2940785174877671
-0.24660471765546843 0.468145045172337 0.14868701044326482 0.3194580347290722 1.298669939850213
-0.24446032880629032 0.4694199569936787 0.14938390263859586 0.32003605435508287 1.303298445653793
-0.24231593995711265 0.4706896191111665 0.15007938251612638 0.3206102365950402 1.3079647107519718
-0.24017155110793453 0.4719540794748183 0.15077345553931634 0.32118062393550195 1.3126694285592884
-0.23802716225875642 0.47321338534876156 0.15146612713805496 0.3217472582107066 1.3174133106938273
-0.2358827734095783 0.47446758332460526 0.15215740270893727 0.32231018061566796 1.322197087648404
-0.23373838456040064 0.47571671933448095 0.15284728761553654 0.32286943171894444 1.3270215094920255
-0.23159399571122252 0.4769608386637651 0.15353578718867536 0.3234250514750897 1.33188734660333
-0.2294496068620444 0.47819998596348856 0.15422290672669128 0.3239770792367973 1.3367953904377834
-0.22730521801286674 0.4794342052624473 0.15490865149570218 0.3245255537667451 1.3417464543305646
-0.22516082916368862 0.48066353997901945 0.15559302672986824 0.3250705132491512 1.3467413743371803
-0.2230164403145105 0.4818880329326978 0.1562760376316506 0.3256119953010472 1.3517810101139598
-0.2208720514653324 0.48310772635534815 0.15695768937206778 0.3261500369832804 1.3568662458407892
-0.21872766261615473 0.48432266190219786 0.15763798709094964 0.3266846748112482 1.3619979911885443
-0.21658327376697661 0.4855328806625673 0.15831693589718826 0.327215944765379 1.3671771823338819
-0.2144388849177985 0.4867384231703452 0.15899454086898707 0.32774388230135815 1.372404783024223
-0.21229449606862083 0.4879393294142207 0.1596708070541061 0.3282685223601146 1.3776817856959704
-0.21015010721944272 0.4891356388476771 0.1603457394701069 0.3287898993775702 1.3830092126492122
-0.2080057183702646 0.4903273903987526 0.16101934310459215 0.32930804729416047 1.3883881172823846
-0.2058613295210865 0.4915146224795765 0.16169162291544525 0.32982299956413125 1.3938195853906494
-0.20371694067190882 0.49269737299568594 0.16236258383106655 0.3303347891646194 1.3993047365319833
-0.2015725518227307 0.4938756793551316 0.16303223075060702 0.3308434486045246 1.4048447254653
-0.1994281629735526 0.4950495784773727 0.16370056854419995 0.33134900993317273 1.4104407436652142
-0.19728377412437492 0.49621910680197384 0.16436760205319 0.33185150474878383 1.4160940209184556
-0.1951393852751968 0.4973843002971059 0.16503333609036042 0.3323509642067455 1.4218058270072764
-0.1929949964260187 0.4985451944678537 0.1656977754401573 0.33284741902769643 1.4275774734856252
-0.19085060757684102 0.49970182436434113 0.16636092485891263 0.3333408995054285 1.433410315554331
-0.1887062187276629 0.500854224589675 0.16702278907506368 0.3338314355146113 1.4393057540420042
-0.1865618298784848 0.502002429307713 0.16768337278937173 0.33431905651834126 1.4452652374989103
-0.18441744102930668 0.5031464722506611 0.1683426806751377 0.3348037915755234 1.4512902644116714
-0.182273052180129 0.5042863867265044 0.16900071737841574 0.3352856693480887 1.4573823855472716
-0.1801286633309509 0.5054222056262778 0.1696574875182251 0.33576471810805275 1.4635432064355602
-0.1779842744817728 0.5065539614311755 0.17031299568675962 0.33624096574441587 1.4697743900002065
-0.17583988563259512 0.5076816862195105 0.17096724644959518 0.33671443976991533 1.4760776593489175
-0.173695496783417 0.5088054116735234 0.17162024434589515 0.33718516732762827 1.4824548007346496
-0.1715511079342389 0.509925169086045 0.17227199388861367 0.3376531751974313 1.4889076667005525
-0.16940671908506078 0.5110409893670166 0.17292249956469727 0.3381184898023193 1.4954381794225415
-0.1672623302358831 0.5121529030498747 0.17357176583528464 0.33858113721459004 1.5020483342645936
-0.165117941386705 0.5132609402977986 0.17421979713590383 0.3390411431618947 1.5087402035632527
-0.16297355253752688 0.5143651309098269 0.17486659787666778 0.33949853303315913 1.515515940659317
-0.1608291636883492 0.5154655043268477 0.1755121724424683 0.3399533318843794 1.5223777841963755
-0.1586847748391711 0.516562089637463 0.17615652519316805 0.34040556444429493 1.5293280627076862
-0.15654038598999298 0.5176549155837307 0.17679966046379042 0.34085525511994025 1.453563184389494
-0.15439599714081487 0.5187440105667908 0.17744158256470757 0.3413024280020832 1.4180119582348736
-0.1522516082916372 0.5198294026523729 0.1780822957818267 0.3417471068705462 1.3930443671421062
-0.15010721944245908 0.5209111195761943 0.17872180437677582 0.3421893151994185 1.3730826669297305
-0.14796283059328097 0.5219891887492446 0.1793601125870844 0.3426290761621602 1.3561828514482492
-0.1458184417441033 0.5230636372629665 0.1799972246263662 0.34306641263660026 1.3413956999704735
-0.14367405289492519 0.5241344918943298 0.18063314468449881 0.343501347209831 1.3281743797152452
-0.14152966404574707 0.5252017791108052 0.18126787692779994 0.3439339021830053 1.3161703521116954
-0.1393852751965694 0.5262655250752359 0.1819014254992036 0.3443640995760323 1.305145628799376
-0.1372408863473913 0.5273257556506157 0.182533794518436 0.3447919611321797 1.2949293505290331
-0.13509649749821317 0.5283824964047691 0.18316498808218626 0.3452175083225828 1.2853940715149463
-0.13295210864903506 0.5294357726149407 0.18379501026427827 0.34564076235066243 1.2764418182483364
-0.1308077197998574 0.5304856092722937 0.18442386511584027 0.3460617441564534 1.2679954125166861
-0.12866333095067928 0.5315320310863216 0.18505155666547235 0.3464804744208493 1.259992818059661
-0.12651894210150116 0.5325750624891702 0.18567808891941287 0.34689697356975735 1.2523833163993388
-0.1243745532523235 0.5336147276398802 0.18630346586170277 0.3473112617781774 1.2451248375962134
-0.12223016440314538 0.5346510504285451 0.18692769145434923 0.3477233589741959 1.2381820468750284
-0.12008577555396727 0.5356840544803885 0.18755076963748704 0.3481332848429014 1.2315249413196594
-0.11794138670478915 0.5367137631597655 0.1881727043295385 0.348541058830227 1.2251277999771166
-0.11579699785561148 0.5377401995740851 0.1887934994273721 0.34894670014671303 1.2189683845300587
-0.11365260900643337 0.5387633865776602 0.18941315880646045 0.34935022777119973 1.2130273212600617
-0.11150822015725526 0.5397833467754823 0.19003168632103512 0.3497516604544472 1.2072876165571536
-0.10936383130807759 0.5408001025269269 0.1906490858042407 0.3501510167226862 1.2017342723974673
-0.10721944245889947 0.5418136759493886 0.1912653610682886 0.35054831488109994 1.1963539777415524
-0.10507505360972136 0.5428240889218474 0.19188051590460764 0.3509435730172398 1.191134858347673
-0.10293066476054324 0.5438313630883691 0.19249455408399466 0.3513368090043745 1.1860662720666293
-0.10078627591136557 0.5448355198615414 0.19310747935676248 0.35172804050477896 1.181138639933212
-0.09864188706218746 0.5458365804258449 0.1937192954528881 0.3521172849729568 1.176343305712214
-0.09649749821300935 0.5468345657409626 0.19433000608215817 0.3525045596588044 1.171672418269849
-0.09435310936383168 0.5478294965450292 0.1949396149343129 0.3528898816107163 1.1671188324096171
-0.09220872051465356 0.5488213933578204 0.19554812567919153 0.3532732676786289 1.1626760247615688
-0.09006433166547545 0.5498102764838839 0.19615554196687135 0.35365473451701257 1.158338022033064
-0.08791994281629778 0.550796166015614 0.19676186742781074 0.3540342985878032 1.1540993394790044
-0.08577555396711967 0.551779081836271 0.19736710567298812 0.3544119761632829 1.1499549278738879
-0.08363116511794155 0.5527590436229448 0.19797126029403914 0.3547877833289057 1.1459001275984189
-0.08148677626876344 0.5537360708494666 0.19857433486339476 0.35516173598607187 1.1419306287125932
-0.07934238741958577 0.5547101827892685 0.19917633293441636 0.35553384985485215 1.1380424360922037
-0.07719799857040766 0.5556813985181921 0.1997772580415306 0.3559041404766615 1.134231838868903
-0.07505360972122954 0.5566497369172463 0.20037711370036224 0.356272623216884 1.1304953835448477
-0.07290922087205187 0.5576152166753174 0.20097590340786642 0.356639313267451 1.1268298502584742
-0.07076483202287376 0.5585778562918324 0.20157363064245978 0.3570042256493726 1.1232322317636418
-0.06862044317369564 0.5595376740793727 0.2021702988641502 0.35736737521522255 1.119699714754302
-0.06647605432451753 0.5604946881662449 0.20276591151466444 0.3577287766515805 1.1162296632241702
-0.06433166547533986 0.5614489164990056 0.2033604720175771 0.3580884444814285 1.1128196035982212
-0.06218727662616175 0.5624003768449436 0.203953983778436 0.3584463930665076 1.109467211411983
-0.06004288777698363 0.5633490867945165 0.2045464501848873 0.3588026366096292 1.1061702993472486
-0.057898498927805964 0.5642950637637486 0.20513787460679958 0.35915718915694905 1.1029268064600715
-0.05575411007862785 0.565238324996586 0.2057282603963877 0.3595100646001983 1.0997347884598123
-0.053609721229449736 0.5661788875672109 0.2063176108883336 0.3598612766788773 1.0965924089173105
-0.05146533238027162 0.5671167683823184 0.20690592939990787 0.3602108389824105 1.093497931296533
-0.04932094353109395 0.5680519841833522 0.20749321923108868 0.3605587649522636 1.0904497117179521
-0.04717655468191584 0.5689845515487058 0.20807948366468176 0.360905067884024 1.0874461923736776
-0.045032165832737725 0.5699144868958825 0.20866472596643676 0.3612497609294458 1.0844858955244798
-0.042887776983560055 0.5708418064836229 0.20924894938516475 0.3615928570984582 1.08156741801747
-0.04074338813438194 0.571766526413995 0.2098321571528538 0.36193436926114114 1.078689426270659
-0.03859899928520383 0.5726886626344487 0.2104143524847833 0.36227431014966543 1.0758506516770503
-0.03645461043602616 0.5736082309398388 0.21099553857963715 0.36261269236020166 1.0730498863864306
-0.034310221586848044 0.5745252469744122 0.2115757186196181 0.3629495283547941 1.070285979427892
-0.03216583273766993 0.5754397262337626 0.2121548957705575 0.36328483046320514 1.0675578331402737
-0.030021443888491817 0.5763516840667545 0.21273307318202703 0.36361861088472747 1.0648643998813747
-0.027877055039314147 0.577261135677414 0.2133102539874481 0.3639508816899659 1.0622046789899828
-0.025732666190136033 0.5781680961267908 0.2138864413042011 0.3642816548225897 1.059577713977557
-0.02358827734095792 0.5790725803347866 0.2144616382337328 0.3646109421010538 1.0569825899288687
-0.02144388849178025 0.5799746030819579 0.21503584786166333 0.3649387552202946 1.0544184310930422
-0.019299499642602136 0.5808741790112872 0.21560907325789277 0.36526510575339444 1.051884398648369
-0.017155110793424022 0.5817713226299256 0.21618131747670566 0.36559000515321993 1.0493796886259394
-0.015010721944245908 0.5826660483109085 0.21675258355687546 0.3659134647540331 1.0469035299786225
-0.012866333095068239 0.5835583702948434 0.21732287452176752 0.36623549577307585 1.0444551827832549
-0.010721944245890125 0.5844483026915717 0.21789219337944266 0.366556109312129 1.0420339365650748
-0.008577555396712011 0.585335859481802 0.2184605431227572 0.3668753163590448 1.0396391087344772
-0.006433166547534341 0.5862210545187198 0.21902792672946503 0.3671931277892547 1.0372700431271027
-0.004288777698356228 0.5871039015295705 0.21959434716231685 0.36750955436725363 1.0349261086391075
-0.002144388849178114 0.5879844141172182 0.2201598073691593 0.36782460674805895 1.0326066979502062
0 0.5888626057616797 0.22072431028303308 0.3681382954786466 1.0303112263277459
