-2.5 0.626948614463846 0.626948614463846 0.033929305527313616 0.033929305527313616
-2.4970606629143215 0.6263553473301605 0.6263553473301605 0.03295361913322007 0.032953619133219855
-2.494121325828643 0.6257613376196283 0.6257613376196283 0.031976055026918825 0.031976055026918825
-2.4911819887429645 0.625166583461362 0.625166583461362 0.030996605854153893 0.030996605854153893
-2.488242651657286 0.6245710829773119 0.6245710829773119 0.030015264217110434 0.030015264217110434
-2.4853033145716075 0.6239748342822291 0.6239748342822291 0.029032022674068618 0.029032022674068618
-2.4823639774859285 0.6233778354836261 0.6233778354836261 0.02804687373905562 0.02804687373905562
-2.47942464040025 0.6227800846817422 0.6227800846817422 0.027059809881492636 0.027059809881492636
-2.4764853033145715 0.6221815799695022 0.6221815799695022 0.02607082352583889 0.02607082352583889
-2.473545966228893 0.6215823194324808 0.6215823194324808 0.025079907051232756 0.025079907051232756
-2.4706066291432145 0.6209823011488632 0.6209823011488632 0.02408705279112762 0.02408705279112762
-2.467667292057536 0.6203815231894065 0.6203815231894065 0.023092253032926367 0.023092253032926367
-2.4647279549718575 0.6197799836173997 0.6197799836173997 0.02209550001760962 0.02209550001760962
-2.461788617886179 0.619177680488627 0.619177680488627 0.021096785939362525 0.021096785939362525
-2.4588492808005005 0.6185746118513252 0.6185746118513252 0.020096102945196374 0.020096102945196374
-2.455909943714822 0.6179707757461471 0.6179707757461471 0.019093443134567786 0.019093443134567786
-2.452970606629143 0.6173661702061186 0.6173661702061186 0.018088798558990468 0.018088798558990468
-2.4500312695434645 0.6167607932566008 0.6167607932566008 0.017082161221649288 0.017082161221649288
-2.447091932457786 0.6161546429152475 0.6161546429152475 0.016073523077003354 0.016073523077003354
-2.4441525953721075 0.6155477171919657 0.6155477171919657 0.015062876030390674 0.015062876030390674
-2.441213258286429 0.6149400140888742 0.6149400140888742 0.014050211937625904 0.014050211937625904
-2.4382739212007505 0.6143315316002619 0.6143315316002619 0.01303552260459347 0.01303552260459347
-2.435334584115072 0.6137222677125462 0.6137222677125462 0.012018799786840055 0.012018799786840055
-2.4323952470293935 0.6131122204042316 0.6131122204042316 0.011000035189157565 0.011000035189157565
-2.429455909943715 0.6125013876458667 0.6125013876458667 0.009979220465168004 0.009979220465168004
-2.4265165728580365 0.6118897674000024 0.6118897674000024 0.008956347216897 0.008956347216897
-2.423577235772358 0.6112773576211483 0.6112773576211483 0.007931406994350479 0.007931406994350479
-2.420637898686679 0.6106641562557302 0.6106641562557302 0.00690439129507989 0.00690439129507989
-2.4176985616010005 0.6100501612420468 0.6100501612420468 0.005875291563748534 0.005875291563748534
-2.414759224515322 0.6094353705102257 0.6094353705102257 0.00484409919169054 0.00484409919169054
-2.4118198874296435 0.6088197819821792 0.6088197819821792 0.003810805516463576 0.003810805516463576
-2.408880550343965 0.6082033935715607 0.6082033935715607 0.0027754018214027273 0.0027754018214027273
-2.4059412132582865 0.6075862031837194 0.6075862031837194 0.0017378793351622826 0.0017378793351622826
-2.403001876172608 0.6069682087156555 0.6069682087156555 0.0006982292312590445 0.0006982292312590445
-2.4000625390869295 0.6063494080559759 0.6063494080559759 -0.0003435573723927982 -0.0003435573723927982
-2.397123202001251 0.6057297990848473 0.6057297990848473 -0.0013874894139508825 -0.0013874894139508825
-2.3941838649155724 0.6051093796739513 0.6051093796739513 -0.0024335758881184433 -0.0024335758881186657
-2.3912445278298935 0.6044881476864375 0.6044881476864375 -0.0034818258466238097 -0.0034818258466238097
-2.388305190744215 0.6038661009768788 0.6038661009768788 -0.004532248398702891 -0.004532248398702891
-2.3853658536585365 0.6032432373912213 0.6032432373912213 -0.005584852711590486 -0.005584852711590486
-2.382426516572858 0.6026195547667408 0.6026195547667408 -0.006639648011014022 -0.006639648011014022
-2.3794871794871795 0.6019950509319928 0.6019950509319928 -0.0076966435816925366 -0.0076966435816925366
-2.376547842401501 0.6013697237067658 0.6013697237067658 -0.008755848767842538 -0.008755848767842538
-2.3736085053158225 0.6007435709020332 0.6007435709020332 -0.00981727297368933 -0.00981727297368933
-2.370669168230144 0.6001165903199046 0.6001165903199046 -0.010880925663981408 -0.010880925663981408
-2.3677298311444654 0.5994887797535762 0.5994887797535762 -0.011946816364512435 -0.011946816364512435
-2.364790494058787 0.5988601369872839 0.5988601369872839 -0.013014954662649758 -0.013014954662649758
-2.361851156973108 0.598230659796251 0.598230659796251 -0.014085350207865707 -0.014085350207865707
-2.3589118198874295 0.5976003459466405 0.5976003459466405 -0.015158012712277185 -0.015158012712277185
-2.355972482801751 0.5969691931955038 0.5969691931955038 -0.016232951951190098 -0.016232951951190098
-2.3530331457160725 0.596337199290731 0.596337199290731 -0.017310177763649827 -0.017310177763650052
-2.350093808630394 0.5957043619709986 0.5957043619709986 -0.018389700052997986 -0.018389700052997986
-2.3471544715447155 0.59507067896572 0.59507067896572 -0.019471528787434262 -0.019471528787434262
-2.344215134459037 0.5944361479949921 0.5944361479949921 -0.02055567400058572 -0.02055567400058572
-2.3412757973733584 0.5938007667695452 0.5938007667695452 -0.021642145792082148 -0.021642145792082148
-2.33833646028768 0.5931645329906885 0.5931645329906885 -0.02273095432813722 -0.02273095432813722
-2.3353971232020014 0.5925274443502592 0.5925274443502592 -0.0238221098421354 -0.0238221098421354
-2.332457786116323 0.5918894985305687 0.5918894985305687 -0.024915622635227782 -0.024915622635227782
-2.329518449030644 0.5912506932043482 0.5912506932043482 -0.026011503076931557 -0.026011503076931557
-2.3265791119449655 0.5906110260346965 0.5906110260346965 -0.02710976160573806 -0.02710976160573806
-2.323639774859287 0.5899704946750244 0.5899704946750244 -0.028210408729727535 -0.028210408729727535
-2.3207004377736085 0.5893290967690006 0.5893290967690006 -0.029313455027189572 -0.029313455027189687
-2.31776110068793 0.5886868299504968 0.5886868299504968 -0.03041891114725243 -0.03041891114725243
-2.3148217636022514 0.588043691843531 0.588043691843531 -0.03152678781051565 -0.03152678781051565
-2.311882426516573 0.5873996800622139 0.5873996800622139 -0.03263709580969551 -0.03263709580969551
-2.3089430894308944 0.5867547922106898 0.5867547922106898 -0.033749846010272845 -0.033749846010272845
-2.306003752345216 0.5861090258830834 0.5861090258830834 -0.03486504935114975 -0.03486504935114975
-2.303064415259537 0.5854623786634388 0.5854623786634388 -0.035982716845315 -0.035982716845315
-2.3001250781738585 0.584814848125665 0.584814848125665 -0.03710285958051414 -0.03710285958051414
-2.29718574108818 0.5841664318334769 0.5841664318334769 -0.038225488719930596 -0.038225488719930596
-2.2942464040025015 0.5835171273403366 0.5835171273403366 -0.039350615502872804 -0.039350615502872804
-2.291307066916823 0.582866932189395 0.582866932189395 -0.04047825124546782 -0.04047825124546782
-2.2883677298311444 0.5822158439134331 0.5822158439134331 -0.041608407341365984 -0.041608407341365984
-2.285428392745466 0.5815638600348009 0.5815638600348009 -0.042741095262450575 -0.042741095262450575
-2.2824890556597874 0.580910978065359 0.580910978065359 -0.043876326559558435 -0.043876326559558435
-2.279549718574109 0.5802571955064174 0.5802571955064174 -0.04501411286320644 -0.04501411286320644
-2.2766103814884304 0.5796025098486736 0.5796025098486736 -0.04615446588432772 -0.04615446588432795
-2.273671044402752 0.5789469185721529 0.5789469185721529 -0.04729739741501694 -0.04729739741501694
-2.270731707317073 0.578290419146145 0.578290419146145 -0.04844291932928156 -0.04844291932928156
-2.2677923702313945 0.5776330090291429 0.5776330090291429 -0.04959104358380565 -0.04959104358380565
-2.264853033145716 0.5769746856687786 0.5769746856687786 -0.05074178221871914 -0.05074178221871914
-2.2619136960600374 0.5763154465017618 0.5763154465017618 -0.05189514735837894 -0.05189514735837894
-2.258974358974359 0.575655288953814 0.575655288953814 -0.05305115121215596 -0.05305115121215596
-2.2560350218886804 0.5749942104396062 0.5749942104396062 -0.05420980607523579 -0.05420980607523579
-2.253095684803002 0.5743322083626925 0.5743322083626925 -0.05537112432942326 -0.05537112432942326
-2.2501563477173234 0.5736692801154468 0.5736692801154468 -0.0565351184439616 -0.0565351184439616
-2.247217010631645 0.5730054230789948 0.5730054230789948 -0.05770180097635891 -0.05770180097635891
-2.2442776735459664 0.5723406346231501 0.5723406346231501 -0.05887118457322376 -0.05887118457322376
-2.241338336460288 0.5716749121063464 0.5716749121063464 -0.06004328197111211 -0.06004328197111211
-2.238398999374609 0.5710082528755697 0.5710082528755697 -0.06121810599738432 -0.06121810599738432
-2.2354596622889304 0.5703406542662921 0.5703406542662921 -0.06239566957107044 -0.06239566957107044
-2.232520325203252 0.5696721136024027 0.5696721136024027 -0.06357598570374923 -0.06357598570374923
-2.2295809881175734 0.5690026281961387 0.5690026281961387 -0.06475906750043423 -0.06475906750043423
-2.226641651031895 0.5683321953480168 0.5683321953480168 -0.06594492816047283 -0.06594492816047283
-2.2237023139462164 0.5676608123467632 0.5676608123467632 -0.06713358097845501 -0.06713358097845501
-2.220762976860538 0.566988476469243 0.566988476469243 -0.06832503934513426 -0.06832503934513426
-2.2178236397748594 0.5663151849803896 0.5663151849803896 -0.06951931674835682 -0.06951931674835682
-2.214884302689181 0.5656409351331334 0.5656409351331334 -0.07071642677400687 -0.07071642677400687
-2.211944965603502 0.5649657241683298 0.5649657241683298 -0.07191638310695836 -0.07191638310695836
-2.2090056285178234 0.5642895493146867 0.5642895493146867 -0.07311919953204132 -0.07311919953204132
-2.206066291432145 0.5636124077886917 0.5636124077886917 -0.07432488993502015 -0.07432488993502015
-2.2031269543464664 0.5629342967945375 0.5629342967945374 -0.07553346830358196 -0.07553346830358196
-2.200187617260788 0.5622552135240493 0.5622552135240493 -0.07674494872833837 -0.07674494872833837
-2.1972482801751094 0.5615751551566086 0.5615751551566086 -0.07795934540383967 -0.07795934540383967
-2.194308943089431 0.5608941188590792 0.5608941188590792 -0.07917667262960129 -0.07917667262960129
-2.1913696060037524 0.56021210178573 0.56021210178573 -0.08039694481114247 -0.08039694481114247
-2.188430268918074 0.5595291010781592 0.5595291010781592 -0.08162017646103845 -0.08162017646103845
-2.1854909318323954 0.5588451138652175 0.5588451138652175 -0.08284638219998594 -0.08284638219998594
-2.182551594746717 0.5581601372629297 0.5581601372629297 -0.08407557675788135 -0.08407557675788135
-2.179612257661038 0.5574741683744159 0.5574741683744159 -0.08530777497491214 -0.08530777497491214
-2.1766729205753594 0.5567872042898152 0.5567872042898152 -0.08654299180266302 -0.08654299180266302
-2.173733583489681 0.5560992420862025 0.5560992420862025 -0.08778124230523446 -0.08778124230523446
-2.1707942464040024 0.5554102788275112 0.5554102788275112 -0.08902254166037833 -0.08902254166037833
-2.167854909318324 0.5547203115644509 0.5547203115644509 -0.09026690516064254 -0.09026690516064254
-2.1649155722326454 0.5540293373344265 0.5540293373344265 -0.09151434821453644 -0.09151434821453644
-2.161976235146967 0.553337353161456 0.553337353161456 -0.09276488634770591 -0.09276488634770591
-2.1590368980612884 0.5526443560560876 0.5526443560560876 -0.09401853520412638 -0.09401853520412638
-2.15609756097561 0.5519503430153168 0.5519503430153168 -0.09527531054731009 -0.09527531054731034
-2.1531582238899314 0.5512553110225019 0.5512553110225019 -0.09653522826152867 -0.09653522826152867
-2.150218886804253 0.5505592570472795 0.5505592570472795 -0.09779830435305109 -0.09779830435305109
-2.147279549718574 0.5498621780454782 0.5498621780454782 -0.09906455495139875 -0.09906455495139875
-2.1443402126328954 0.5491640709590344 0.5491640709590344 -0.10033399631061497 -0.10033399631061497
-2.141400875547217 0.5484649327159041 0.5484649327159041 -0.10160664481055387 -0.10160664481055387
-2.1384615384615384 0.5477647602299751 0.5477647602299751 -0.10288251695818121 -0.10288251695818121
-2.13552220137586 0.54706355040098 0.54706355040098 -0.10416162938889748 -0.10416162938889748
-2.1325828642901814 0.5463613001144068 0.5463613001144068 -0.10544399886787321 -0.10544399886787321
-2.129643527204503 0.5456580062414093 0.5456580062414093 -0.10672964229140561 -0.10672964229140561
-2.1267041901188244 0.5449536656387162 0.5449536656387162 -0.10801857668829196 -0.10801857668829196
-2.123764853033146 0.544248275148541 0.544248275148541 -0.10931081922121841 -0.10931081922121841
-2.120825515947467 0.5435418315984898 0.5435418315984898 -0.11060638718817084 -0.11060638718817084
-2.1178861788617884 0.5428343318014683 0.5428343318014683 -0.11190529802386208 -0.11190529802386208
-2.11494684177611 0.5421257725555896 0.5421257725555896 -0.11320756930117899 -0.11320756930117899
-2.1120075046904314 0.5414161506440784 0.5414161506440784 -0.11451321873264766 -0.11451321873264766
-2.109068167604753 0.540705462835178 0.540705462835178 -0.11582226417191861 -0.11582226417191874
-2.1061288305190744 0.5399937058820539 0.5399937058820539 -0.11713472361527323 -0.11713472361527323
-2.103189493433396 0.5392808765226964 0.5392808765226964 -0.11845061520314748 -0.11845061520314748
-2.1002501563477174 0.5385669714798251 0.5385669714798251 -0.1197699572216777 -0.1197699572216777
-2.097310819262039 0.5378519874607903 0.5378519874607903 -0.12109276810426864 -0.12109276810426864
-2.0943714821763604 0.5371359211574739 0.5371359211574739 -0.122419066433179 -0.122419066433179
-2.091432145090682 0.5364187692461894 0.5364187692461894 -0.12374887094113177 -0.12374887094113177
-2.088492808005003 0.5357005283875822 0.5357005283875822 -0.12508220051294444 -0.12508220051294444
-2.0855534709193244 0.5349811952265285 0.5349811952265285 -0.12641907418718173 -0.12641907418718173
-2.082614133833646 0.5342607663920329 0.5342607663920329 -0.12775951115783177 -0.12775951115783177
-2.0796747967479674 0.5335392384971241 0.5335392384971241 -0.1291035307760036 -0.1291035307760036
-2.076735459662289 0.5328166081387531 0.5328166081387531 -0.13045115255164996 -0.13045115255164996
-2.0737961225766104 0.5320928718976874 0.5320928718976874 -0.13180239615531095 -0.13180239615531095
-2.070856785490932 0.5313680263384055 0.5313680263384055 -0.13315728141988414 -0.13315728141988414
-2.0679174484052534 0.5306420680089903 0.5306420680089903 -0.13451582834241865 -0.13451582834241865
-2.064978111319575 0.5299149934410228 0.5299149934410228 -0.1358780570859329 -0.1358780570859329
-2.0620387742338964 0.5291867991494718 0.5291867991494718 -0.13724398798125825 -0.13724398798125825
-2.059099437148218 0.5284574816325868 0.5284574816325868 -0.13861364152890934 -0.13861364152890948
-2.056160100062539 0.5277270373717857 0.5277270373717857 -0.13998703840097956 -0.13998703840097956
-2.0532207629768604 0.5269954628315461 0.5269954628315461 -0.14136419944306114 -0.14136419944306114
-2.050281425891182 0.5262627544592919 0.5262627544592919 -0.14274514567619712 -0.14274514567619712
-2.0473420888055034 0.5255289086852801 0.5255289086852801 -0.14412989829885567 -0.14412989829885567
-2.044402751719825 0.5247939219224873 0.5247939219224873 -0.14551847868893586 -0.14551847868893586
-2.0414634146341464 0.5240577905664949 0.5240577905664949 -0.1469109084057985 -0.1469109084057985
-2.038524077548468 0.5233205109953738 0.5233205109953738 -0.14830720919233079 -0.14830720919233079
-2.0355847404627894 0.5225820795695663 0.5225820795695663 -0.14970740297703353 -0.14970740297703353
-2.032645403377111 0.521842492631768 0.521842492631768 -0.151111511876146 -0.151111511876146
-2.029706066291432 0.5211017465068104 0.5211017465068104 -0.15251955819579352 -0.15251955819579352
-2.0267667292057534 0.5203598375015401 0.5203598375015401 -0.1539315644341714 -0.1539315644341714
-2.023827392120075 0.5196167619046983 0.5196167619046983 -0.155347553283758 -0.155347553283758
-2.0208880550343964 0.5188725159867972 0.5188725159867972 -0.156767547633561 -0.156767547633561
-2.017948717948718 0.5181270959999987 0.5181270959999987 -0.15819157057139396 -0.15819157057139396
-2.0150093808630394 0.5173804981779898 0.5173804981779898 -0.15961964538618859 -0.15961964538618859
-2.012070043777361 0.5166327187358561 0.5166327187358561 -0.1610517955703381 -0.1610517955703381
-2.0091307066916824 0.5158837538699582 0.5158837538699582 -0.1624880448220784 -0.1624880448220784
-2.006191369606004 0.5151335997578006 0.5151335997578006 -0.16392841704789984 -0.16392841704789984
-2.0032520325203254 0.514382252557906 0.514382252557906 -0.16537293636499745 -0.16537293636499745
-2.000312695434647 0.5136297084096846 0.5136297084096846 -0.16682162710375614 -0.16682162710375614
-1.9973733583489681 0.5128759634333027 0.5128759634333027 -0.16827451381027322 -0.16827451381027336
-1.9944340212632894 0.5121210137295513 0.5121210137295513 -0.16973162124891808 -0.16973162124891808
-1.9914946841776109 0.5113648553797133 0.5113648553797133 -0.17119297440492848 -0.17119297440492848
-1.9885553470919324 0.5106074844454287 0.5106074844454287 -0.17265859848704843 -0.17265859848704843
-1.9856160100062539 0.5098488969685573 0.5098488969685573 -0.17412851893020345 -0.17412851893020345
-1.9826766729205754 0.5090890889710459 0.5090890889710459 -0.17560276139821632 -0.17560276139821632
-1.9797373358348969 0.5083280564547862 0.5083280564547862 -0.17708135178656406 -0.17708135178656406
-1.9767979987492184 0.5075657954014782 0.5075657954014782 -0.17856431622517638 -0.17856431622517652
-1.9738586616635398 0.5068023017724881 0.5068023017724881 -0.18005168108127573 -0.18005168108127573
-1.9709193245778611 0.5060375715087079 0.5060375715087079 -0.18154347296226286 -0.18154347296226286
-1.9679799874921826 0.5052716005304113 0.5052716005304113 -0.1830397187186423 -0.18303971871864244
-1.965040650406504 0.5045043847371098 0.5045043847371098 -0.18454044544699746 -0.18454044544699746
-1.9621013133208254 0.5037359200074072 0.5037359200074072 -0.18604568049300668 -0.18604568049300668
-1.9591619762351469 0.5029662021988521 0.5029662021988521 -0.18755545145450822 -0.18755545145450822
-1.9562226391494684 0.5021952271477907 0.5021952271477907 -0.18906978618461312 -0.18906978618461312
-1.9532833020637899 0.5014229906692155 0.5014229906692154 -0.19058871279486322 -0.19058871279486322
-1.9503439649781114 0.5006494885566152 0.5006494885566152 -0.19211225965844164 -0.19211225965844164
-1.9474046278924328 0.4998747165818231 0.4998747165818231 -0.1936404554134304 -0.1936404554134304
-1.9444652908067543 0.49909867049486173 0.49909867049486173 -0.19517332896612113 -0.19517332896612113
-1.9415259537210758 0.4983213460237887 0.4983213460237887 -0.19671090949437461 -0.19671090949437461
-1.938586616635397 0.49754273887453915 0.49754273887453915 -0.19825322645103827 -0.19825322645103827
-1.9356472795497186 0.4967628447307691 0.4967628447307691 -0.19980030956740993 -0.19980030956741007
-1.9327079424640399 0.4959816592536942 0.4959816592536942 -0.20135218885676565 -0.20135218885676565
-1.9297686053783614 0.4951991780819299 0.4951991780819299 -0.20290889461793316 -0.20290889461793316
-1.9268292682926829 0.4944153968313281 0.4944153968313281 -0.20447045743893236 -0.20447045743893236
-1.9238899312070044 0.49363031109481414 0.49363031109481414 -0.20603690820066536 -0.2060369082006655
-1.9209505941213258 0.49284391644221953 0.49284391644221953 -0.2076082780806713 -0.2076082780806713
-1.9180112570356473 0.49205620842011677 0.49205620842011677 -0.20918459855693827 -0.20918459855693827
-1.9150719199499688 0.49126718255164914 0.49126718255164914 -0.210765901411778 -0.210765901411778
-1.9121325828642903 0.49047683433636113 0.49047683433636113 -0.21235221873576357 -0.21235221873576357
-1.9091932457786116 0.489685159250026 0.489685159250026 -0.21394358293172921 -0.21394358293172921
-1.906253908692933 0.48889215274447306 0.48889215274447306 -0.21554002671883643 -0.21554002671883643
-1.9033145716072544 0.4880978102474118 0.4880978102474118 -0.21714158313670776 -0.21714158313670776
-1.9003752345215759 0.4873021271622553 0.4873021271622553 -0.21874828554962428 -0.21874828554962428
-1.8974358974358974 0.4865050988679417 0.4865050988679417 -0.22036016765079658 -0.22036016765079658
-1.8944965603502189 0.48570672071875365 0.48570672071875365 -0.22197726346670216 -0.22197726346670216
-1.8915572232645403 0.484906988044137 0.484906988044137 -0.22359960736149853 -0.22359960736149853
-1.8886178861788618 0.48410589614851696 0.48410589614851696 -0.2252272340415062 -0.2252272340415062
-1.8856785490931833 0.48330344031111183 0.48330344031111183 -0.2268601785597663 -0.2268601785597663
-1.8827392120075048 0.48249961578574696 0.48249961578574696 -0.22849847632067782 -0.22849847632067782
-1.879799874921826 0.4816944178006649 0.4816944178006649 -0.23014216308470845 -0.23014216308470845
-1.8768605378361476 0.48088784155833486 0.48088784155833486 -0.23179127497318675 -0.23179127497318675
-1.873921200750469 0.4800798822352597 0.4800798822352597 -0.2334458484731747 -0.2334458484731747
-1.8709818636647904 0.4792705349817815 0.4792705349817815 -0.23510592044242345 -0.23510592044242345
-1.8680425265791119 0.4784597949218856 0.4784597949218856 -0.23677152811441 -0.23677152811441
-1.8651031894934333 0.4776476571530009 0.4776476571530009 -0.23844270910346602 -0.23844270910346602
-1.8621638524077548 0.47683411674580084 0.47683411674580084 -0.24011950140998622 -0.24011950140998622
-1.8592245153220763 0.4760191687440001 0.4760191687440001 -0.24180194342573355 -0.24180194342573355
-1.8562851782363978 0.47520280816415106 0.47520280816415106 -0.24349007393923094 -0.24349007393923094
-1.8533458411507193 0.4743850299954365 0.4743850299954365 -0.2451839321412477 -0.2451839321412477
-1.8504065040650408 0.473565829199463 0.473565829199463 -0.246883557630381 -0.246883557630381
-1.847467166979362 0.47274520071004805 0.47274520071004805 -0.24858899041873497 -0.24858899041873497
-1.8445278298936836 0.4719231394330096 0.4719231394330096 -0.2503002709376974 -0.2503002709376974
-1.8415884928080049 0.4710996402459506 0.4710996402459506 -0.25201744004381854 -0.25201744004381854
-1.8386491557223263 0.4702746979980424 0.4702746979980424 -0.253740539024794 -0.253740539024794
-1.8357098186366478 0.4694483075098055 0.4694483075098055 -0.255469609605551 -0.255469609605551
-1.8327704815509693 0.46862046357288833 0.46862046357288833 -0.2572046939544451 -0.2572046939544451
-1.8298311444652908 0.46779116094984463 0.46779116094984463 -0.25894583468956406 -0.25894583468956406
-1.8268918073796123 0.4669603943739076 0.4669603943739076 -0.26069307488514565 -0.26069307488514565
-1.8239524702939338 0.46612815854876133 0.46612815854876133 -0.2624464580781105 -0.2624464580781105
-1.8210131332082553 0.4652944481483111 0.4652944481483111 -0.26420602827471196 -0.26420602827471196
-1.8180737961225766 0.46445925781645137 0.46445925781645137 -0.26597182995730445 -0.26597182995730445
-1.815134459036898 0.46362258216682994 0.46362258216682994 -0.2677439080912355 -0.2677439080912355
-1.8121951219512196 0.46278441578261137 0.46278441578261137 -0.26952230813186323 -0.26952230813186323
-1.8092557848655408 0.46194475321623607 0.46194475321623607 -0.2713070760317002 -0.2713070760317002
-1.8063164477798623 0.46110358898918063 0.46110358898918063 -0.2730982582476877 -0.2730982582476877
-1.8033771106941838 0.4602609175917101 0.4602609175917101 -0.2748959017486067 -0.2748959017486067
-1.8004377736085053 0.45941673348263296 0.45941673348263296 -0.27670005402261916 -0.27670005402261916
-1.7974984365228268 0.4585710310890504 0.4585710310890504 -0.2785107630849561 -0.2785107630849561
-1.7945590994371483 0.45772380480610475 0.45772380480610475 -0.2803280774857409 -0.2803280774857409
-1.7916197623514698 0.4568750489967236 0.4568750489967236 -0.2821520463179637 -0.2821520463179637
-1.788680425265791 0.45602475799136255 0.45602475799136255 -0.2839827192256022 -0.2839827192256022
-1.7857410881801126 0.4551729260877458 0.4551729260877458 -0.28582014641189435 -0.28582014641189435
-1.782801751094434 0.45431954755060167 0.45431954755060167 -0.28766437864776967 -0.28766437864776967
-1.7798624140087553 0.4534646166113977 0.4534646166113977 -0.2895154672804349 -0.2895154672804349
-1.7769230769230768 0.45260812746807194 0.45260812746807194 -0.29137346424212796 -0.29137346424212796
-1.7739837398373983 0.4517500742847621 0.4517500742847621 -0.29323842205903455 -0.29323842205903455
-1.7710444027517198 0.45089045119153015 0.45089045119153015 -0.2951103938603765 -0.2951103938603765
-1.7681050656660413 0.4500292522840856 0.4500292522840856 -0.29698943338767436 -0.29698943338767436
-1.7651657285803628 0.4491664716235062 0.4491664716235062 -0.2988755950041886 -0.2988755950041886
-1.7622263914946843 0.448302103235954 0.448302103235954 -0.30076893370454283 -0.30076893370454283
-1.7592870544090058 0.4474361411123889 0.4474361411123889 -0.3026695051245335 -0.3026695051245335
-1.756347717323327 0.4465685792082806 0.4465685792082806 -0.3045773655511314 -0.3045773655511314
-1.7534083802376486 0.4456994114433156 0.4456994114433156 -0.30649257193267865 -0.30649257193267865
-1.7504690431519698 0.44482863170110165 0.44482863170110165 -0.3084151818892834 -0.3084151818892834
-1.7475297060662913 0.4439562338288695 0.4439562338288695 -0.31034525372342425 -0.31034525372342425
-1.7445903689806128 0.4430822116371709 0.4430822116371709 -0.3122828464307597 -0.3122828464307597
-1.7416510318949343 0.44220655889957344 0.44220655889957344 -0.3142280197111548 -0.3142280197111548
-1.7387116948092558 0.4413292693523523 0.4413292693523523 -0.31618083397992636 -0.31618083397992636
-1.7357723577235773 0.44045033669417766 0.44045033669417766 -0.31814135037931524 -0.31814135037931524
-1.7328330206378988 0.439569754585801 0.439569754585801 -0.32010963079018584 -0.32010963079018584
-1.7298936835522203 0.4386875166497344 0.4386875166497344 -0.3220857378439653 -0.3220857378439653
-1.7269543464665416 0.4378036164699302 0.4378036164699302 -0.3240697349348219 -0.3240697349348219
-1.724015009380863 0.4369180475914545 0.4369180475914545 -0.32606168623209303 -0.32606168623209303
-1.7210756722951845 0.43603080352015755 0.43603080352015755 -0.328061656692965 -0.328061656692965
-1.7181363352095058 0.43514187772234075 0.43514187772234075 -0.33006971207541563 -0.33006971207541563
-1.7151969981238273 0.4342512636244206 0.4342512636244206 -0.3320859189514198 -0.3320859189514198
-1.7122576610381488 0.4333589546125879 0.4333589546125879 -0.3341103447204312 -0.3341103447204312
-1.7093183239524703 0.4324649440324631 0.4324649440324631 -0.33614305762314184 -0.33614305762314184
-1.7063789868667918 0.43156922518874846 0.43156922518874846 -0.3381841267555304 -0.3381841267555304
-1.7034396497811133 0.4306717913448763 0.4306717913448763 -0.3402336220832018 -0.3402336220832018
-1.7005003126954348 0.42977263572265256 0.42977263572265256 -0.34229161445603073 -0.34229161445603073
-1.697560975609756 0.4288717515018967 0.4288717515018967 -0.3443581756231143 -0.3443581756231143
-1.6946216385240775 0.42796913182007873 0.42796913182007873 -0.346433378248038 -0.346433378248038
-1.691682301438399 0.427064769771949 0.427064769771949 -0.3485172959244722 -0.34851729592447234
-1.6887429643527203 0.4261586584091673 0.4261586584091673 -0.350610003192098 -0.350610003192098
-1.6858036272670418 0.4252507907399255 0.4252507907399255 -0.35271157555287475 -0.35271157555287475
-1.6828642901813633 0.42434115972856634 0.42434115972856634 -0.3548220894876625 -0.3548220894876625
-1.6799249530956848 0.4234297582951989 0.4234297582951989 -0.35694162247319877 -0.35694162247319877
-1.6769856160100063 0.4225165793153076 0.4225165793153076 -0.3590702529994494 -0.3590702529994494
-1.6740462789243278 0.42160161561935844 0.42160161561935844 -0.36120806058733457 -0.36120806058733473
-1.6711069418386493 0.4206848599924 0.4206848599924 -0.3633551258068466 -0.3633551258068466
-1.6681676047529708 0.41976630517366004 0.41976630517366004 -0.36551153029556427 -0.36551153029556427
-1.665228267667292 0.4188459438561365 0.4188459438561365 -0.36767735677757885 -0.36767735677757885
-1.6622889305816135 0.41792376868618514 0.41792376868618514 -0.3698526890828405 -0.3698526890828405
-1.6593495934959348 0.4169997722631008 0.4169997722631008 -0.3720376121669353 -0.3720376121669353
-1.6564102564102563 0.41607394713869605 0.41607394713869605 -0.3742322121313062 -0.3742322121313062
-1.6534709193245778 0.4151462858168715 0.4151462858168715 -0.3764365762439309 -0.3764365762439309
-1.6505315822388993 0.4142167807531843 0.4142167807531843 -0.3786507929604666 -0.3786507929604666
-1.6475922451532208 0.41328542435440874 0.41328542435440874 -0.38087495194587306 -0.38087495194587306
-1.6446529080675423 0.41235220897809466 0.41235220897809466 -0.38310914409653457 -0.38310914409653457
-1.6417135709818638 0.41141712693211757 0.41141712693211757 -0.3853534615628828 -0.3853534615628828
-1.6387742338961853 0.410480170474225 0.410480170474225 -0.38760799777254645 -0.38760799777254645
-1.6358348968105065 0.40954133181157737 0.40954133181157737 -0.38987284745403433 -0.38987284745403433
-1.632895559724828 0.40860060310028273 0.40860060310028273 -0.3921481066609673 -0.3921481066609673
-1.6299562226391495 0.4076579764449265 0.4076579764449265 -0.39443387279687986 -0.39443387279687986
-1.6270168855534708 0.40671344389809555 0.40671344389809555 -0.3967302446406027 -0.3967302446406027
-1.6240775484677923 0.4057669974598947 0.4057669974598947 -0.3990373223722407 -0.3990373223722407
-1.6211382113821138 0.4048186290774602 0.4048186290774602 -0.4013552075997713 -0.4013552075997713
-1.6181988742964353 0.4038683306444648 0.4038683306444648 -0.4036840033862712 -0.4036840033862712
-1.6152595372107568 0.40291609400061945 0.40291609400061945 -0.4060238142777981 -0.4060238142777981
-1.6123202001250783 0.4019619109311649 0.4019619109311649 -0.4083747463319397 -0.4083747463319397
-1.6093808630393998 0.4010057731663607 0.4010057731663607 -0.4107369071470536 -0.4107369071470536
-1.606441525953721 0.40004767238096584 0.40004767238096584 -0.4131104058922149 -0.4131104058922149
-1.6035021888680425 0.3990876001937148 0.3990876001937148 -0.4154953533378955 -0.4154953533378955
-1.600562851782364 0.39812554816678347 0.39812554816678347 -0.4178918618873948 -0.4178918618873948
-1.5976235146966853 0.3971615078052533 0.3971615078052533 -0.42030004560904227 -0.42030004560904227
-1.5946841776110068 0.3961954705565645 0.3961954705565645 -0.42272002026919825 -0.42272002026919825
-1.5917448405253283 0.395227427809964 0.395227427809964 -0.42515190336607595 -0.42515190336607595
-1.5888055034396498 0.3942573708959479 0.3942573708959479 -0.4275958141644052 -0.4275958141644052
-1.5858661663539713 0.3932852910856936 0.3932852910856936 -0.4300518737309702 -0.4300518737309702
-1.5829268292682928 0.39231117959048756 0.39231117959048756 -0.43252020497104077 -0.43252020497104077
-1.5799874921826143 0.3913350275611449 0.3913350275611449 -0.4350009326657298 -0.4350009326657298
-1.5770481550969357 0.39035682608742006 0.39035682608742006 -0.43749418351030195 -0.43749418351030195
-1.574108818011257 0.38937656619741345 0.38937656619741345 -0.44000008615346453 -0.44000008615346453
-1.5711694809255785 0.3883942388569656 0.3883942388569656 -0.44251877123766603 -0.44251877123766603
-1.5682301438398998 0.3874098349690488 0.3874098349690488 -0.4450503714404452 -0.4450503714404452
-1.5652908067542213 0.38642334537314615 0.38642334537314615 -0.4475950215168485 -0.4475950215168485
-1.5623514696685428 0.38543476084462497 0.38543476084462497 -0.4501528583429614 -0.4501528583429614
-1.5594121325828643 0.3844440720941024 0.3844440720941024 -0.4527240209605812 -0.4527240209605812
-1.5564727954971858 0.3834512697668015 0.3834512697668015 -0.4553086506230716 -0.4553086506230716
-1.5535334584115073 0.3824563444418996 0.3824563444418996 -0.4579068908424354 -0.4579068908424354
-1.5505941213258287 0.3814592866318662 0.3814592866318662 -0.46051888743764363 -0.46051888743764363
-1.5476547842401502 0.38046008678179616 0.38046008678179616 -0.4631447885842631 -0.4631447885842631
-1.5447154471544715 0.37945873526873064 0.37945873526873064 -0.46578474486542176 -0.46578474486542176
-1.541776110068793 0.37845522240096824 0.37845522240096824 -0.46843890932415877 -0.46843890932415877
-1.5388367729831145 0.377449538417372 0.377449538417372 -0.4711074375172024 -0.4711074375172024
-1.5358974358974358 0.3764416734866603 0.3764416734866603 -0.47379048757022246 -0.47379048757022246
-1.5329580988117573 0.37543161770669453 0.37543161770669453 -0.4764882202346072 -0.4764882202346072
-1.5300187617260788 0.3744193611037525 0.3744193611037525 -0.479200798945815 -0.479200798945815
-1.5270794246404003 0.37340489363179463 0.37340489363179463 -0.4819283898833541 -0.4819283898833541
-1.5241400875547217 0.37238820517171867 0.37238820517171867 -0.4846711620324422 -0.4846711620324422
-1.5212007504690432 0.371369285530606 0.371369285530606 -0.48742928724740625 -0.4874292872474064
-1.5182614133833647 0.3703481244409562 0.3703481244409562 -0.49020294031688116 -0.49020294031688116
-1.515322076297686 0.36932471155991103 0.36932471155991103 -0.4929922990308664 -0.4929922990308664
-1.5123827392120075 0.36829903646846834 0.36829903646846834 -0.49579754424970557 -0.49579754424970557
-1.509443402126329 0.3672710886706857 0.3672710886706857 -0.4986188599750583 -0.4986188599750583
-1.5065040650406503 0.3662408575928713 0.3662408575928713 -0.5014564334229282 -0.5014564334229282
-1.5035647279549718 0.3652083325827655 0.3652083325827655 -0.5043104550988249 -0.5043104550988249
-1.5006253908692933 0.36417350290870876 0.36417350290870876 -0.5071811188751282 -0.5071811188751282
-1.4976860537836147 0.3631363577588003 0.3631363577588003 -0.5100686220707418 -0.5100686220707418
-1.4947467166979362 0.3620968862400431 0.3620968862400431 -0.5129731655331069 -0.5129731655331069
-1.4918073796122577 0.361055077377478 0.361055077377478 -0.5158949537226695 -0.5158949537226695
-1.488868042526579 0.36001092011330404 0.36001092011330404 -0.5188341947998845 -0.5188341947998845
-1.4859287054409005 0.35896440330598955 0.35896440330598955 -0.5217911007148524 -0.5217911007148524
-1.482989368355222 0.3579155157293647 0.3579155157293647 -0.524765887299678 -0.524765887299678
-1.4800500312695435 0.35686424607170814 0.35686424607170814 -0.5277587743636607 -0.5277587743636607
-1.477110694183865 0.35581058293481493 0.35581058293481493 -0.5307699857914117 -0.5307699857914117
-1.4741713570981865 0.3547545148330538 0.3547545148330538 -0.5337997496440117 -0.5337997496440117
-1.4712320200125077 0.35369603019241 0.35369603019241 -0.5368482982633218 -0.5368482982633218
-1.4682926829268292 0.35263511734951436 0.35263511734951436 -0.5399158683795666 -0.5399158683795666
-1.4653533458411507 0.351571764550658 0.351571764550658 -0.5430027012223109 -0.5430027012223109
-1.4624140087554722 0.3505059599507926 0.3505059599507926 -0.5461090426349631 -0.5461090426349631
-1.4594746716697937 0.3494376916125165 0.3494376916125165 -0.5492351431929359 -0.5492351431929359
-1.456535334584115 0.34836694750504554 0.34836694750504554 -0.552381258325611 -0.552381258325611
-1.4535959974984365 0.34729371550316773 0.34729371550316773 -0.5555476484422477 -0.5555476484422477
-1.450656660412758 0.34621798338618415 0.34621798338618415 -0.5587345790619992 -0.5587345790619992
-1.4477173233270795 0.345139738836833 0.345139738836833 -0.5619423209481874 -0.5619423209481874
-1.444777986241401 0.3440589694401974 0.3440589694401974 -0.5651711502470141 -0.5651711502470141
-1.4418386491557222 0.34297566268259677 0.34297566268259677 -0.56842134863088 -0.56842134863088
-1.4388993120700437 0.34188980595046314 0.34188980595046314 -0.5716932034464959 -0.5716932034464959
-1.4359599749843652 0.3408013865291963 0.3408013865291963 -0.5749870078679851 -0.5749870078679851
-1.4330206378986867 0.3397103916020081 0.3397103916020081 -0.5783030610551724 -0.5783030610551724
-1.4300813008130082 0.3386168082487421 0.3386168082487421 -0.5816416683172764 -0.5816416683172764
-1.4271419637273295 0.3375206234446796 0.3375206234446796 -0.5850031412822284 -0.5850031412822284
-1.424202626641651 0.33642182405932625 0.33642182405932625 -0.5883877980718478 -0.5883877980718478
-1.4212632895559725 0.3353203968551798 0.3353203968551798 -0.5917959634831212 -0.5917959634831212
-1.418323952470294 0.3342163284864767 0.3342163284864767 -0.5952279691758415 -0.5952279691758415
-1.4153846153846155 0.33310960549792434 0.33310960549792434 -0.5986841538668766 -0.5986841538668766
-1.4124452782989367 0.33200021432340804 0.33200021432340804 -0.6021648635313483 -0.6021648635313483
-1.4095059412132582 0.33088814128468047 0.33088814128468047 -0.6056704516110204 -0.6056704516110204
-1.4065666041275797 0.32977337259003026 0.32977337259003026 -0.6092012792302101 -0.6092012792302101
-1.4036272670419012 0.3286558943329288 0.3286558943329288 -0.6127577154195438 -0.6127577154195438
-1.4006879299562227 0.3275356924906566 0.3275356924906566 -0.61634013734791 -0.61634013734791
-1.397748592870544 0.3264127529229063 0.3264127529229063 -0.6199489305629649 -0.6199489305629649
-1.3948092557848655 0.32528706137036434 0.32528706137036434 -0.6235844892405724 -0.6235844892405726
-1.391869918699187 0.3241586034532709 0.3241586034532709 -0.6272472164435904 -0.6272472164435904
-1.3889305816135085 0.3230273646699536 0.3230273646699536 -0.6309375243904047 -0.6309375243904047
-1.38599124452783 0.3218933303953395 0.3218933303953395 -0.6346558347336783 -0.6346558347336783
-1.3830519074421515 0.3207564858794436 0.3207564858794436 -0.6384025788497658 -0.6384025788497658
-1.3801125703564727 0.31961681624583027 0.31961681624583027 -0.6421781981393004 -0.6421781981393004
-1.3771732332707942 0.3184743064900524 0.3184743064900524 -0.6459831443394626 -0.6459831443394626
-1.3742338961851157 0.31732894147806034 0.31732894147806034 -0.6498178798484907 -0.6498178798484907
-1.3712945590994372 0.31618070594459124 0.31618070594459124 -0.6536828780630026 -0.6536828780630026
-1.3683552220137587 0.3150295844915241 0.3150295844915241 -0.6575786237287489 -0.6575786237287489
-1.36541588492808 0.3138755615862128 0.3138755615862128 -0.6615056133054361 -0.6615056133054361
-1.3624765478424015 0.3127186215597902 0.3127186215597902 -0.6654643553463081 -0.6654643553463081
-1.359537210756723 0.3115587486054402 0.3115587486054402 -0.6694553708932053 -0.6694553708932053
-1.3565978736710445 0.3103959267766464 0.3103959267766464 -0.6734791938878619 -0.6734791938878619
-1.353658536585366 0.30923013998540516 0.30923013998540516 -0.6775363716002539 -0.6775363716002539
-1.3507191994996872 0.3080613720004133 0.3080613720004133 -0.6816274650748476 -0.6816274650748476
-1.3477798624140087 0.30688960644522073 0.30688960644522073 -0.685753049595653 -0.685753049595653
-1.3448405253283302 0.3057148267963543 0.3057148267963543 -0.6899137151710452 -0.6899137151710452
-1.3419011882426517 0.3045370163814064 0.3045370163814064 -0.6941100670393661 -0.6941100670393661
-1.3389618511569732 0.30335615837709373 0.30335615837709373 -0.6983427261963833 -0.6983427261963833
-1.3360225140712945 0.3021722358072787 0.3021722358072787 -0.7026123299457508 -0.7026123299457508
-1.333083176985616 0.30098523154096024 0.30098523154096024 -0.7069195324736849 -0.7069195324736849
-1.3301438398999375 0.2997951282902244 0.2997951282902244 -0.711265005449144 -0.711265005449144
-1.327204502814259 0.2986019086081635 0.2986019086081635 -0.7156494386508783 -0.7156494386508783
-1.3242651657285804 0.2974055548867548 0.2974055548867548 -0.7200735406228131 -0.7200735406228131
-1.3213258286429017 0.29620604935470435 0.29620604935470435 -0.7245380393593059 -0.7245380393593059
-1.3183864915572232 0.295003374075249 0.295003374075249 -0.7290436830219276 -0.7290436830219276
-1.3154471544715447 0.2937975109439227 0.2937975109439227 -0.7335912406895307 -0.7335912406895307
-1.3125078173858662 0.2925884416862782 0.2925884416862782 -0.738181503143465 -0.738181503143465
-1.3095684803001877 0.2913761478555714 0.2913761478555714 -0.7428152836899392 -0.7428152836899392
-1.306629143214509 0.29016061083040046 0.29016061083040046 -0.7474934190216587 -0.7474934190216587
-1.3036898061288305 0.2889418118123046 0.2889418118123046 -0.7522167701210036 -0.7522167701210036
-1.300750469043152 0.2877197318233147 0.2877197318233147 -0.7569862232071832 -0.7569862232071832
-1.2978111319574734 0.2864943517034633 0.2864943517034633 -0.7618026907299466 -0.7618026907299466
-1.294871794871795 0.285265652108245 0.285265652108245 -0.766667112412632 -0.766667112412632
-1.2919324577861164 0.2840336135060301 0.2840336135060301 -0.7715804563475172 -0.7715804563475172
-1.2889931207004377 0.28279821617543177 0.28279821617543177 -0.77654372014665 -0.7765437201466502
-1.2860537836147592 0.2815594402026212 0.2815594402026212 -0.7815579321515601 -0.7815579321515601
-1.2831144465290807 0.28031726547859187 0.28031726547859187 -0.7866241527055097 -0.7866241527055097
-1.2801751094434022 0.2790716716963753 0.2790716716963753 -0.7917434754921922 -0.7917434754921922
-1.2772357723577237 0.2778226383481991 0.2778226383481991 -0.7969170289450932 -0.7969170289450932
-1.274296435272045 0.27657014472259317 0.27657014472259317 -0.8021459777320298 -0.8021459777320298
-1.2713570981863664 0.2753141699014394 0.2753141699014394 -0.8074315243197321 -0.8074315243197321
-1.268417761100688 0.274054692756965 0.274054692756965 -0.8127749106236996 -0.8127749106236996
-1.2654784240150094 0.2727916919486751 0.2727916919486751 -0.818177419748968 -0.818177419748968
-1.262539086929331 0.2715251459202285 0.2715251459202285 -0.8236403778278626 -0.8236403778278626
-1.2595997498436522 0.2702550328962483 0.2702550328962483 -0.8291651559612884 -0.8291651559612884
-1.2566604127579737 0.26898133087907344 0.26898133087907344 -0.8347531722706408 -0.8347531722706408
-1.2537210756722952 0.26770401764544194 0.26770401764544194 -0.8404058940679804 -0.8404058940679804
-1.2507817385866167 0.2664230707431113 0.2664230707431113 -0.8461248401527395 -0.8461248401527395
-1.2478424015009382 0.26513846748740855 0.26513846748740855 -0.8519115832439252 -0.8519115832439254
-1.2449030644152594 0.263850184957712 0.263850184957712 -0.8577677525575071 -0.8577677525575071
-1.241963727329581 0.2625581999938617 0.2625581999938617 -0.8636950365395232 -0.8636950365395232
-1.2390243902439024 0.26126248919249695 0.26126248919249695 -0.8696951857663234 -0.8696951857663235
-1.236085053158224 0.2599630289033166 0.2599630289033166 -0.8757700160243612 -0.8757700160243612
-1.2331457160725454 0.25865979522526705 0.25865979522526705 -0.8819214115830325 -0.8819214115830325
-1.2302063789868667 0.25735276400264606 0.25735276400264606 -0.8881513286752711 -0.8881513286752711
-1.2272670419011882 0.2560419108211306 0.2560419108211306 -0.8944617992019099 -0.8944617992019099
-1.2243277048155097 0.2547272110037173 0.2547272110037173 -0.9008549346773047 -0.9008549346773047
-1.2213883677298312 0.2534086396065808 0.2534086396065808 -0.9073329304353085 -0.9073329304353085
-1.2184490306441527 0.2520861714148426 0.2520861714148426 -0.9138980701164825 -0.9138980701164825
-1.2155096935584742 0.250759780938252 0.250759780938252 -0.9205527304594174 -0.9205527304594174
-1.2125703564727954 0.2494294424067737 0.2494294424067737 -0.9272993864212133 -0.9272993864212133
-1.209631019387117 0.2480951297660807 0.2480951297660807 -0.9341406166546393 -0.9341406166546395
-1.2066916823014384 0.24675681667294985 0.24675681667294985 -0.9410791093721969 -0.9410791093721969
-1.20375234521576 0.24541447649055972 0.24541447649055972 -0.9191788612655425 -0.9770564759951251
-1.2008130081300814 0.24406808228368188 0.24406808228368188 -0.8348259860521529 -1.0756924560887797
-1.1978736710444027 0.24271760681377164 0.24271760681377164 -0.7938518381413665 -1.1311618081730672
-1.1949343339587242 0.24136302253394704 0.24136302253394704 -0.7633012983445686 -1.1764260395725123
-1.1919949968730457 0.24000430158385758 0.24000430158385758 -0.7381998531482657 -1.216466343886013
-1.1890556597873672 0.23864141578443973 0.23864141578443973 -0.7165809069981574 -1.2532563067376778
-1.1861163227016887 0.2372743366325547 0.2372743366325547 -0.6974284548088987 -1.2878192527155543
-1.18317698561601 0.23590303529550205 0.23590303529550205 -0.6801372469282757 -1.3207681014045762
-1.1802376485303314 0.2345274826054167 0.2345274826054167 -0.6643126658315 -1.3525055133883552
-1.177298311444653 0.23314764905352894 0.23314764905352894 -0.6496807481482599 -1.3833138927848514
-1.1743589743589744 0.231763504784301 0.231763504784301 -0.6360422648756474 -1.4134013336500466
-1.171419637273296 0.2303750195894232 0.2303750195894232 -0.6232470644265214 -1.4429273058096463
-1.1684803001876172 0.22898216290167522 0.22898216290167522 -0.6111787227821533 -1.4720180360848896
-1.1655409631019387 0.22758490378864066 0.22758490378864066 -0.5997448543713051 -1.50077623155421
-1.1626016260162602 0.22618321094627689 0.22618321094627689 -0.5888707258351178 -1.5292875029883728
-1.1596622889305817 0.22477705269233317 0.22477705269233317 -0.5784948939381606 -1.557624767533638
-1.1567229518449031 0.2233663969596104 0.2233663969596104 -0.568566135494493 -1.5858513631526097
-1.1537836147592244 0.22195121128906486 0.22195121128906486 -0.559041230786412 -1.6140233137737605
-1.150844277673546 0.22053146282274258 0.22053146282274258 -0.5498833275891498 -1.642191018522953
-1.1479049405878674 0.21910711829654372 0.21910711829654372 -0.541060710329131 -1.6704005410629887
-1.144965603502189 0.21767814403281524 0.21767814403281524 -0.5325458582860666 -1.6986946157623342
-1.1420262664165104 0.2162445059327578 0.2162445059327578 -0.5243147140954463 -1.7271134501584757
-1.1390869293308317 0.21480616946864917 0.21480616946864917 -0.5163461079485064 -1.7556953791465557
-1.1361475922451532 0.213363099675877 0.213363099675877 -0.5086212988749714 -1.7844774104594903
-1.1332082551594747 0.21191526114476958 0.21191526114476958 -0.5011236053150696 -1.8134956903300286
-1.1302689180737961 0.2104626180122265 0.2104626180122265 -0.493838104655544 -1.8427859109282978
-1.1273295809881176 0.2090051339531367 0.2090051339531367 -0.4867513866500791 -1.872383676125425
-1.1243902439024391 0.20754277217158068 0.20754277217158068 -0.4798513493885723 -1.9023248386303206
-1.1214509068167604 0.2060754953918073 0.2060754953918073 -0.47312702919115834 -1.9326458191218565
-1.118511569731082 0.20460326584898275 0.20460326584898275 -0.46656845779300105 -1.9633839163513194
-1.1155722326454034 0.20312604527969672 0.20312604527969672 -0.460166541664587 -1.9945776161230238
-1.1126328955597249 0.2016437949122266 0.2016437949122266 -0.4539129594235374 -2.0262669064461836
-1.1096935584740464 0.20015647545654608 0.2001564754565459 -0.44780007413788997 -2.058493605908924
-1.1067542213883677 0.19866404709407068 0.19866404709407068 -0.44182085796800785 -2.091301712410508
-1.1038148843026891 0.1971664694671342 0.1971664694671342 -0.4359688270951234 -2.1247377797831137
-1.1008755472170106 0.19566370166818564 0.19566370166818564 -0.4302379852753992 -2.1588513305457906
-1.0979362101313321 0.19415570222869372 0.19415570222869372 -0.4246227746658957 -2.193695314088618
-1.0949968730456536 0.19264242910775783 0.19264242910775783 -0.4191180328125176 -2.2293266210369076
-1.092057535959975 0.19112383968040753 0.19112383968040753 -0.41371895488449234 -2.2658066664727485
-1.0891181988742964 0.1895998907255815 0.1895998907255815 -0.4084210603961821 -2.3032020572081287
-1.0861788617886179 0.18807053841378146 0.18807053841378146 -0.40322016378329667 -2.3415853615685345
-1.0832395247029394 0.18653573829438003 0.18653573829438003 -0.39811234830327735 -2.38103600437609
-1.0803001876172609 0.18499544528257883 0.18499544528257883 -0.393093942813547 -2.421641315317472
-1.0773608505315821 0.18344961364600001 0.18344961364600001 -0.3881615010503324 -2.4634977660588118
-1.0744215134459036 0.18189819699090165 0.18189819699090165 -0.3833117830877421 -2.5067124409062402
-1.0714821763602251 0.18034114824799896 0.18034114824799896 -0.37854173870407914 -2.5514047983201356
-1.0685428392745466 0.1787784196578852 0.1787784196578852 -0.3738484924217961 -2.5977087973304487
-1.0656035021888681 0.17720996275602943 0.17720996275602943 -0.3692293300205041 -2.645775485536017
-1.0626641651031894 0.17563572835734179 0.17563572835734179 -0.3646816863501893 -2.6957761763340207
-1.059724828017511 0.17405566654029045 0.17405566654029025 -0.36020313429521994 -2.7479063859194794
-1.0567854909318324 0.1724697266305478 0.1724697266305478 -0.35579137475954553 -2.8023907608434673
-1.0538461538461539 0.17087785718416065 0.17087785718416065 -0.35144422756036836 -2.859489312835679
-1.0509068167604754 0.16928000597021198 0.16928000597021198 -0.34715962313193993 -2.9195054021726694
-1.0479674796747966 0.16767611995296966 0.16767611995296966 -0.3429355949534494 -2.982796094840512
-1.0450281425891181 0.16606614527349287 0.16606614527349287 -0.33877027262553927 -3.0497857959779076
-1.0420888055034396 0.1644500272306809 0.1644500272306809 -0.33466187552908216 -3.120984489404929
-1.0391494684177611 0.16282771026174245 0.16282771026174245 -0.33060870700771233 -3.197012588515725
-1.0362101313320826 0.16119913792206148 0.16119913792206148 -0.32660914902241533 -3.278635502335413
-1.0332707942464041 0.1595642528644404 0.1595642528644404 -0.3226616572323789 -3.366812865688403
-1.0303314571607254 0.15792299681769276 0.15792299681769276 -0.3187647564614673 -3.462770598521729
-1.0273921200750469 0.1562753105645616 0.1562753105645616 -0.3149170365141592 -3.5681098108180698
-1.0244527829893684 0.15462113391893895 0.15462113391893895 -0.3111171483087251 -3.684977765595155
-1.0215134459036899 0.15296040570235456 0.15296040570235456 -0.3073638002988631 -3.8163488614702237
-1.0185741088180114 0.1512930637197108 0.1512930637197108 -0.3036557551580416 -3.9665133225611138
-1.0156347717323326 0.14961904473422794 0.14961904473422794 -0.29999182670345664 -4.141990342843089
-1.0126954346466541 0.14793828444157345 0.14793828444157345 -0.2963708770388769 -4.353402995385014
-1.0097560975609756 0.1462507174431349 0.1462507174431349 -0.2927918138977188 -4.619863605440052
-1.0068167604752971 0.14455627721841233 0.14455627721841233 -0.2892535881695491 -4.98143625845183
-1.0038774233896186 0.1428548960964823 0.1428548960964823 -0.2857551915948419 -5.548669095822199
-1.0009380863039399 0.14114650522650302 0.14114650522650302 -0.2822956546142775 -6.970728313988645
-0.9979987492182614 0.13943103454721914 0.13943103454721914 -0.27887404436016966 -6.215974183722294
-0.9950594121325829 0.13770841275541928 0.13770841275541928 -0.2754894627787588 -5.315151149013202
-0.9921200750469044 0.13597856727331148 0.13597856727331148 -0.272141044873156 -4.8511641241783625
-0.9891807379612259 0.13424142421475946 0.13424142421475946 -0.26882795705763995 -4.536960318566619
-0.9862414008755471 0.13249690835033953 0.13249690835033953 -0.2655493956148442 -4.299389806432383
-0.9833020637898686 0.13074494307116152 0.13074494307116152 -0.26230458524812317 -4.108494366679672
-0.9803627267041901 0.12898545035140338 0.12898545035140338 -0.25909277772205036 -3.9490365894089803
-0.9774233896185116 0.12721835070949955 0.12721835070949955 -0.2559132505846156 -3.8121996623153103
-0.9744840525328331 0.12544356316792662 0.12544356316792662 -0.25276530596522895 -3.6924205767316622
-0.9715447154471544 0.1236610052115209 0.1236610052115209 -0.2496482694431346 -3.5859631118578057
-0.9686053783614759 0.12187059274426379 0.12187059274426379 -0.24656148898128868 -3.4901963789551496
-0.9656660412757974 0.1200722400444633 0.1200722400444633 -0.24350433392114978 -3.4031977279933816
-0.9627267041901189 0.11826585971825938 0.11826585971825938 -0.24047619403421025 -3.323519367898697
-0.9597873671044403 0.11645136265137748 0.11645136265137748 -0.23747647862642063 -3.2500438399196216
-0.9568480300187616 0.11462865795904355 0.11462865795904335 -0.23450461569196596 -3.1818906069102866
-0.9539086929330831 0.11279765293398057 0.11279765293398057 -0.23156005111312997 -3.1183534902215597
-0.9509693558474046 0.11095825299239068 0.11095825299239068 -0.2286422479032312 -3.05885748359876
-0.9480300187617261 0.10911036161782912 0.10911036161782912 -0.22575068548984636 -3.0029281605863454
-0.9450906816760476 0.10725388030286771 0.10725388030286771 -0.22288485903574964 -2.9501695104095247
-0.9421513445903691 0.10538870848844192 0.10538870848844172 -0.22004427879517782 -2.9002475607608806
-0.9392120075046904 0.10351474350076377 0.10351474350076356 -0.21722846950322033 -2.8528780640340377
-0.9362726704190119 0.101631880485688 0.1016318804856878 -0.2144369697962814 -2.807817094158532
-0.9333333333333333 0.09974001234039426 0.09974001234039426 -0.21166933166171656 -2.7648537656082333
-0.9303939962476548 0.09783902964225964 0.09783902964225964 -0.20892511991487883 -2.7238045245928526
-0.9274546591619763 0.0959288205747739 0.0959288205747739 -0.20620391170193436 -2.6845086218712266
-0.9245153220762976 0.09400927085034569 0.09400927085034569 -0.20350529602691955 -2.646824485331149
-0.9215759849906191 0.09208026362984191 0.09208026362984191 -0.20082887330162302 -2.6106267859261063
-0.9186366479049406 0.09014167943868727 0.09014167943868727 -0.19817425491696286 -2.5758040437724916
-0.9156973108192621 0.08819339607934348 0.08819339607934348 -0.19554106283463052 -2.5422566593012164
-0.9127579737335836 0.08623528853997656 0.08623528853997656 -0.19292892919784657 -2.5098952819944262
-0.9098186366479049 0.08426722889910673 0.08426722889910673 -0.19033749596015243 -2.478639449542286
-0.9068792995622263 0.0822890862260231 0.0822890862260229 -0.18776641453123677 -2.448416445344905
-0.9039399624765478 0.08030072647673198 0.08030072647673198 -0.18521534543885104 -2.419160333620069
-0.9010006253908693 0.07830201238519231 0.07830201238519231 -0.18268395800594117 -2.390811139977959
-0.8980612883051908 0.07629280334957558 0.07629280334957558 -0.1801719300421677 -2.3633141519099605
-0.8951219512195121 0.07427295531326743 0.07427295531326743 -0.1776789475490456 -2.3366193187260627
-0.8921826141338336 0.07224232064031652 0.07224232064031652 -0.17520470443797898 -2.3106807344370317
-0.8892432770481551 0.07020074798500703 0.07020074798500682 -0.17274890226051318 -2.2854561901862924
-0.8863039399624766 0.06814808215521446 0.06814808215521446 -0.17031124995016775 -2.2609067852934746
-0.8833646028767981 0.06608416396918468 0.06608416396918468 -0.1678914635752523 -2.23699658792656
-0.8804252657911193 0.0640088301053386 0.0640088301053386 -0.16548926610210124 -2.2136923379851514
-0.8774859287054408 0.0619219129446922 0.061921912944691994 -0.1631043871682033 -2.1909631860386436
-0.8745465916197623 0.05982324040543885 0.05982324040543885 -0.16073656286472268 -2.168780463184957
-0.8716072545340838 0.05771263576921966 0.05771263576921966 -0.158385535527949 -2.147117477528047
-0.8686679174484053 0.055589917498564255 0.055589917498564255 -0.15605105353923307 -2.125949333653992
-0.8657285803627266 0.053454899044950675 0.053454899044950675 -0.15373287113299156 -2.1052527720463927
-0.8627892432770481 0.051307388646892646 0.051307388646892646 -0.15143074821239239 -2.0850060258454852
-0.8598499061913696 0.04914718911741475 0.04914718911741475 -0.14914445017234726 -2.065188692740321
-0.8569105691056911 0.046974097620230984 0.046974097620230984 -0.14687374772946565 -2.045781620104463
-0.8539712320200126 0.04478790543388734 0.04478790543388734 -0.1446184167586396 -2.026766801754332
-0.8510318949343341 0.04258839770307109 0.04258839770307109 -0.14237823813594755 -2.008127284935252
-0.8480925578486553 0.040375353176230394 0.040375353176230394 -0.14015299758758443 -1.989847086330758
-0.8451532207629768 0.038148543928575133 0.038148543928575133 -0.13794248554453917 -1.9719111160520046
-0.8422138836772983 0.035907735069455944 0.035907735069455944 -0.13574649700275537 -1.9543051087010563
-0.8392745465916198 0.03365268443303834 0.03365268443303834 -0.13356483138852837 -1.9370155607186104
-0.8363352095059413 0.031383142251104626 0.031383142251104626 -0.1313972924289005 -1.9200296733263666
-0.8333958724202626 0.02909885080670025 0.02909885080670025 -0.12924368802683212 -1.9033353004598053
-0.8304565353345841 0.02679954406725664 0.02679954406725664 -0.12710383014093748 -1.8869209011605823
-0.8275171982489056 0.02448494729568894 0.02448494729568894 -0.12497753466958153 -1.8707754959610767
-0.8245778611632271 0.022154776637841555 0.022154776637841555 -0.12286462133915077 -1.8548886268483489
-0.8216385240775486 0.019808738684510892 0.019808738684510892 -0.1207649135963153 -1.8392503204421018
-0.8186991869918698 0.017446530006120353 0.017446530006120353 -0.1186782385041095 -1.823851054062376
-0.8157598499061913 0.015067836657941494 0.015067836657941494 -0.11660442664167159 -1.808681724398426
-0.8128205128205128 0.012672333653569748 0.012672333653569748 -0.11454331200748287 -1.7937336185213688
-0.8098811757348343 0.010259684404142563 0.010259684404142563 -0.1124947319259629 -1.7789983870103714
-0.8069418386491558 0.007829540120564008 0.007829540120564008 -0.11045852695727866 -1.764468018985844
-0.8040025015634771 0.0053815391757175545 0.0053815391757175545 -0.10843454081023482 -1.7501348188638852
-0.8010631644777986 0.0029153064233858263 0.0029153064233858263 -0.10642262025811973 -1.7359913846643713
-0.7981238273921201 0.0004304524702365866 0.0004304524702365866 -0.1044226150573827 -1.7220305877209587
-0.7951844903064416 -0.002073427103088721 -0.002073427103088721 -0.10243437786903328 -1.708245553655217
-0.792245153220763 -0.004596752576185087 -0.004596752576185087 -0.10045776418264768 -1.694629644489212
-0.7893058161350843 -0.007139960983221613 -0.007139960983221613 -0.09849263224288089 -1.681176441781492
-0.7863664790494058 -0.009703507072753182 -0.009703507072753182 -0.0965388429783857 -1.6678797306806408
-0.7834271419637273 -0.012287864338915629 -0.012287864338915629 -0.0945962599330403 -1.6547334847985145
-0.7804878048780488 -0.014893526130550944 -0.014893526130550944 -0.09266474919939753 -1.6417318518121702
-0.7775484677923703 -0.01752100684552785 -0.01752100684552785 -0.0907441793542685 -1.6288691397092832
-0.7746091307066916 -0.020170843218332832 -0.020170843218332832 -0.08883442139635611 -1.616139803596743
-0.7716697936210131 -0.022843595709920013 -0.022843595709920013 -0.08693534868586415 -1.6035384329961249
-0.7687304565353346 -0.025539850009849808 -0.025539850009849808 -0.08504683688599986 -1.591059739552855
-0.765791119449656 -0.02826021866191276 -0.02826021866191276 -0.08316876390630684 -1.5786985450882796
-0.7628517823639775 -0.031005342825787912 -0.031005342825787912 -0.08130100984775245 -1.5664497699253581
-0.759912445278299 -0.033775894188791636 -0.033775894188791636 -0.07944345694950708 -1.5543084214195004
-0.7569731081926203 -0.03657257704353673 -0.03657257704353673 -0.07759598953735276 -1.5422695826259964
-0.7540337711069418 -0.039396130549294514 -0.039396130549294514 -0.0757584939736606 -1.5303284010346299
-0.7510944340212633 -0.042247331197164596 -0.042247331197164596 -0.0739308586088786 -1.5184800773002793
-0.7481550969355848 -0.04512699550177679 -0.04512699550177679 -0.07211297373447613 -1.5067198538956117
-0.7452157598499063 -0.04803598294530369 -0.04803598294530369 -0.07030473153729265 -1.495043003608176
-0.7422764227642276 -0.050975199203076506 -0.050975199203076506 -0.0685060260552384 -1.4834448177992852
-0.739337085678549 -0.05394559968418717 -0.05394559968418717 -0.06671675313430117 -1.4719205943358065
-0.7363977485928705 -0.05694819342521226 -0.05694819342521226 -0.06493681038681 -1.4604656250981911
-0.733458411507192 -0.05998404738074727 -0.05998404738074727 -0.0631660971509151 -1.4490751829585953
-0.7305190744215135 -0.061404514451236576 -0.06305429116094553 -0.06305429116094553 -1.4377445081113382
-0.7275797373358348 -0.05965196496064695 -0.06616012227389223 -0.06616012227389223 -1.42646879362401
-0.7246404002501563 -0.057908352963143034 -0.06930281193966745 -0.06930281193966756 -1.4152431700607058
-0.7217010631644778 -0.05617358431777275 -0.07248371155361293 -0.07248371155361293 -1.404062689008625
-0.7187617260787993 -0.05444756642357984 -0.07570425988899741 -0.07570425988899741 -1.3929223053149593
-0.7158223889931208 -0.052730208185531334 -0.07896599114440207 -0.0789659911444022 -1.3818168578116294
-0.7128830519074421 -0.05102141998139658 -0.08227054395926225 -0.08227054395926225 -1.3707410482700781
-0.7099437148217635 -0.04932111362954301 -0.08561967154280417 -0.08561967154280417 -1.359689418285493
-0.707004377736085 -0.04762920235761971 -0.08901525308798361 -0.08901525308798361 -1.3486563237378202
-0.7040650406504065 -0.04594560077209957 -0.09245930667403394 -0.09245930667403407 -1.3376359064135832
-0.701125703564728 -0.04427022482865111 -0.0959540039003467 -0.0959540039003467 -1.3266220622949039
-0.6981863664790493 -0.042602991803311695 -0.09950168654239591 -0.09950168654239602 -1.3156084059267061
-0.6952470293933708 -0.04094382026443887 -0.1031048855796883 -0.10310488557968842 -1.3045882301550629
-0.6923076923076923 -0.03929263004541095 -0.10676634301934648 -0.10676634301934648 -1.2935544603828595
-0.6893683552220138 -0.03764934221805567 -0.1104890370309642 -0.1104890370309642 -1.2824996023053499
-0.6864290181363353 -0.036013879066781336 -0.11427621102424332 -0.11427621102424332 -1.2714156818568267
-0.6834896810506568 -0.03438616406339064 -0.11813140744780729 -0.11813140744780729 -1.2602941758062436
-0.680550343964978 -0.032766121842552044 -0.12205850727527541 -0.12205850727527554 -1.2491259310645961
-0.6776110068792995 -0.031153678177911495 -0.12606177638647234 -0.12606177638647234 -1.2379010702836242
-0.674671669793621 -0.029548759958821127 -0.1301459203658949 -0.13014592036589503 -1.226608880697171
-0.6717323327079425 -0.02795129516766892 -0.13431614965285493 -0.13431614965285493 -1.2152376823322741
-0.668792995622264 -0.026361212857787333 -0.1385782575241927 -0.1385782575241928 -1.2037746706243062
-0.6658536585365853 -0.024778443131926835 -0.14293871412278067 -0.1429387141227808 -1.192205727006134
-0.6629143214509068 -0.023202917121272957 -0.14740478073810465 -0.14740478073810478 -1.180515189055316
-0.6599749843652283 -0.021634566964992625 -0.15198464990941044 -0.15198464990941044 -1.1686855690551754
-0.6570356472795498 -0.020073325790294555 -0.1566876188223806 -0.1566876188223806 -1.1566972060248324
-0.6540963101938713 -0.01851912769298493 -0.1615243061589952 -0.1615243061589952 -1.1445278308960785
-0.6511569731081925 -0.016971907718507245 -0.16650692642880424 -0.16650692642880438 -1.1321520167779937
-0.648217636022514 -0.015431601843449013 -0.171649641480988 -0.17164964148098813 -1.119540474908074
-0.6452782989368355 -0.013898146957502208 -0.1769690173843102 -0.17696901738431034 -1.1066591399133185
-0.642338961851157 -0.01237148084586517 -0.18248462786273226 -0.1824846278627324 -1.0934679620035495
-0.6393996247654785 -0.01085154217207147 -0.1882198659130132 -0.1882198659130132 -1.079919282842238
-0.6364602876797998 -0.009338270461234381 -0.1942030583249605 -0.19420305832496063 -1.0659556056515616
-0.6335209505941213 -0.007831606083693507 -0.11419900169726141 -0.2867390648069146 -1.051506459254344
-0.6305816135084428 -0.006331490239053122 -0.08045155980317775 -0.33367121520780746 -1.0364838627055106
-0.6276422764227643 -0.004837864940600904 -0.055943380762338804 -0.3721283716294263 -1.0207755452615985
-0.6247029393370858 -0.0033506730000951233 -0.03600073309568991 -0.40693063884045416 -1.0042343991980982
-0.621763602251407 -0.0018698580129106071 -0.018903912988138327 -0.43999618492551923 -0.9866612512154449
-0.6188242651657285 -0.0003953643435332888 -0.0037935639186163625 -0.4724648476458208 -0.9677749357959915
-0.61588492808005 0.009832094588051093 0.0010728628886068653 -0.5052572182062185 -0.9471559820613822
-0.6129455909943715 0.022295799991399547 0.002534877822974481 -0.5393713470534234 -0.9241284404084089
-0.610006253908693 0.033819400019838346 0.0039907338714462596 -0.5762517037414091 -0.8974690753582101
-0.6070669168230143 0.04456300288547014 0.005440483731519237 -0.6187583991783798 -0.8644772929794355
-0.6041275797373358 0.05464655121156182 0.006884179399215362 -0.6764717382441809 -0.8156921616778108
-0.6011882426516573 0.06416259078675507 0.008321872181693335 -0.7502987001216801 -0.7502987001216803
-0.5982489055659788 0.07318426087086582 0.009753612709573277 -0.7543044026847993 -0.7543044026847996
-0.5953095684803003 0.0817705231808085 0.011179450948985096 -0.758128285238611 -0.7581282852386112
-0.5923702313946217 0.08996971209512962 0.012599436213344644 -0.7617942717215902 -0.7617942717215902
-0.589430894308943 0.09782202049487403 0.014013617174867361 -0.7653222251363163 -0.7653222251363166
-0.5864915572232645 0.10536128655091494 0.01542204187582699 -0.7687288407461476 -0.7687288407461477
-0.583552220137586 0.11261630734839459 0.016824757739562653 -0.7720283026996563 -0.7720283026996564
-0.5806128830519075 0.11961182380160608 0.018221811581245806 -0.7752327763091751 -0.7752327763091753
-0.577673545966229 0.12636927196453868 0.01961324961840946 -0.778352783535748 -0.7783527835357481
-0.5747342088805503 0.1329073649693689 0.020999117481248754 -0.7813974937963433 -0.7813974937963434
-0.5717948717948718 0.13924254996201663 0.022379460222696657 -0.7843749522776118 -0.7843749522776119
-0.5688555347091933 0.1453893713034517 0.023754322328281625 -0.7872922613902752 -0.7872922613902752
-0.5659161976235147 0.15136076247211191 0.025123747725774723 -0.7901557265815848 -0.790155726581585
-0.5629768605378362 0.15716828302738484 0.026487779794627884 -0.7929709746855936 -0.7929709746855937
-0.5600375234521575 0.16282231273997141 0.027846461375211688 -0.7957430508639407 -0.7957430508639407
-0.557098186366479 0.16833221196735007 0.029199834777857165 -0.7984764986760499 -0.7984764986760499
-0.5541588492808005 0.17370645516568534 0.03054794179170617 -0.80117542672423 -0.8011754267242301
-0.551219512195122 0.1789527428283384 0.03189082369337468 -0.8038435645185742 -0.8038435645185743
-0.5482801751094435 0.1840780959540907 0.03322852125543552 -0.8064843096130467 -0.8064843096130467
-0.5453408380237648 0.18908893625797782 0.034561074754724246 -0.8091007676190557 -0.8091007676190559
-0.5424015009380863 0.19399115466288935 0.03588852398047102 -0.8116957863654373 -0.8116957863654373
-0.5394621638524078 0.19879017009360123 0.037210908242265146 -0.8142719852155546 -0.8142719852155547
-0.5365228267667292 0.20349098019587697 0.03852826637785642 -0.8168317803527045 -0.8168317803527045
-0.5335834896810507 0.20809820529238415 0.039840636760794905 -0.8193774066895859 -0.8193774066895859
-0.530644152595372 0.21261612664295296 0.041148057307915674 -0.8219109369354896 -0.8219109369354898
-0.5277048155096935 0.2170487198834434 0.04245056548667099 -0.8244342982582467 -0.824434298258247
-0.524765478424015 0.22139968436347263 0.04374819832231384 -0.8269492869009659 -0.826949286900966
-0.5218261413383365 0.22567246897965568 0.045040992404938134 -0.8294575810518136 -0.8294575810518136
-0.518886804252658 0.22987029500127018 0.0463289838963752 -0.8319607522152126 -0.8319607522152126
-0.5159474671669793 0.23399617630421068 0.047612208536954755 -0.8344602752923328 -0.8344602752923329
-0.5130081300813008 0.23805293736294436 0.048890701652128776 -0.8369575375456684 -0.8369575375456684
-0.5100687929956222 0.2420432292958459 0.050164498158966606 -0.8394538465953449 -0.8394538465953449
-0.5071294559099437 0.24596954421445788 0.05143363257252122 -0.841950437572386 -0.841950437572386
-0.5041901188242652 0.2498342280900667 0.05269813901206806 -0.8444484795355995 -0.8444484795355999
-0.5012507817385867 0.2536394923200209 0.053958051207225174 -0.8469490812432735 -0.8469490812432735
-0.498311444652908 0.2573874241503271 0.05521340250395182 -0.8494532963579233 -0.8494532963579233
-0.4953721075672295 0.2610799960893123 0.056464225870430956 -0.8519621281514783 -0.8519621281514783
-0.492432770481551 0.2647190744287982 0.057710553902838066 -0.854476533769124 -0.854476533769124
-0.4894934333958725 0.2683064269737119 0.05895241883100025 -0.856997428102259 -0.856997428102259
-0.486554096310194 0.27184373006786844 0.060189852523943446 -0.8595256873144501 -0.8595256873144502
-0.48361475922451547 0.275332574992421 0.061422886495337635 -0.862062152058647 -0.862062152058647
-0.48067542213883696 0.27877447380386255 0.06265155190883519 -0.8646076304191193 -0.8646076304191194
-0.477736085053158 0.28217086467021213 0.06387587958331091 -0.8671629006074669 -0.867162900607467
-0.4747967479674795 0.2855231167569174 0.0650958999979991 -0.8697287134385069 -0.8697287134385071
-0.471857410881801 0.2888325347078945 0.06631164329753965 -0.8723057946087923 -0.8723057946087923
-0.4689180737961225 0.2921003627618018 0.06752313929692454 -0.8748948467978611 -0.8748948467978611
-0.465978736710444 0.2953277885390588 0.0687304174863543 -0.8774965516100395 -0.8774965516100397
-0.4630393996247655 0.29851594653111435 0.06993350703600475 -0.8801115713726124 -0.8801115713726125
-0.460100062539087 0.3016659213199703 0.071132436800704 -0.8827405508044436 -0.8827405508044436
-0.45716072545340847 0.30477875055291725 0.0723272353245248 -0.8853841185676108 -0.8853841185676108
-0.45422138836772996 0.3078554276947651 0.07351793084529032 -0.888042888713288 -0.8880428887132881
-0.45128205128205146 0.31089690457748853 0.07470455129900096 -0.8907174620319352 -0.8907174620319352
-0.44834271419637295 0.3139040937651521 0.07588712432417646 -0.8934084273168447 -0.8934084273168449
-0.445403377110694 0.3168778707501426 0.07706567726612255 -0.8961163625491699 -0.8961163625491699
-0.4424640400250155 0.319819075995123 0.07824023718111735 -0.8988418360117805 -0.8988418360117805
-0.439524702939337 0.32272851683370263 0.07941083084052634 -0.9015854073385762 -0.9015854073385765
-0.4365853658536585 0.32560696924153104 0.08057748473483896 -0.9043476285052642 -0.9043476285052642
-0.43364602876798 0.3284551794884115 0.08174022507763656 -0.9071290447670572 -0.9071290447670576
-0.43070669168230147 0.3312738656810159 0.08289907780948741 -0.9099301955482582 -0.9099301955482583
-0.42776735459662296 0.3340637192048888 0.08405406860177422 -0.9127516152882498 -0.9127516152882499
-0.42482801751094446 0.3368254060736248 0.0852052228604524 -0.9155938342480388 -0.9155938342480388
-0.42188868042526595 0.3395595681923922 0.08635256572974379 -0.9184573792811342 -0.9184573792811344
-0.41894934333958744 0.3422668245423198 0.0874961220957635 -0.9213427745722514 -0.9213427745722516
-0.4160100062539085 0.344947772291705 0.08863591659008627 -0.9242505423470452 -0.9242505423470452
-0.41307066916823 0.34760298783945676 0.08977197359324618 -0.9271812035558339 -0.9271812035558339
-0.4101313320825515 0.3502330277957495 0.09090431723818115 -0.9301352785340651 -0.9301352785340651
-0.407191994996873 0.3528384299044096 0.09203297141361366 -0.9331132876420598 -0.9331132876420598
-0.40425265791119447 0.3554197139112008 0.09315795976737438 -0.9361157518864189 -0.9361157518864192
-0.40131332082551596 0.3579773823818149 0.09427930570966969 -0.9391431935253081 -0.9391431935253081
-0.39837398373983746 0.36051192147306854 0.0953970324162917 -0.9421961366596994 -0.9421961366596996
-0.39543464665415895 0.3630238016605209 0.09651116283177498 -0.9452751078125383 -0.9452751078125383
-0.39249530956848044 0.3655134784254704 0.09762171967249829 -0.9483806364976773 -0.9483806364976773
-0.38955597248280194 0.3679813929040553 0.09872872542973511 -0.9515132557803397 -0.9515132557803399
-0.386616635397123 0.3704279725009719 0.09983220237265311 -0.9546735028307853 -0.9546735028307853
-0.3836772983114445 0.37285363147012235 0.10093217255125919 -0.9578619194727744 -0.9578619194727744
-0.380737961225766 0.3752587714643441 0.10202865779930134 -0.9610790527283777 -0.9610790527283777
-0.37779862414008747 0.37764378205618887 0.10312167973711761 -0.9643254553606027 -0.9643254553606027
-0.37485928705440896 0.38000904123159107 0.10421125977443871 -0.9676016864152891 -0.9676016864152892
-0.37191994996873046 0.38235491585812037 0.10529741911314511 -0.9709083117636663 -0.9709083117636665
-0.36898061288305195 0.3846817621293911 0.10638017874997777 -0.9742459046469515 -0.9742459046469515
-0.36604127579737344 0.3869899259870902 0.10745955947920362 -0.9776150462243366 -0.9776150462243366
-0.36310193871169494 0.38927974352197714 0.10853558189523964 -0.9810163261256994 -0.9810163261256996
-0.36016260162601643 0.3915515413551178 0.109608266395231 -0.9844503430103679 -0.9844503430103679
-0.3572232645403379 0.3938056370005236 0.11067763318158969 -0.987917705133259 -0.987917705133259
-0.354283927454659 0.3960423392102865 0.11174370226449068 -0.9914190309197184 -0.9914190309197184
-0.35134459036898047 0.39826194830322553 0.112806493464327 -0.9949549495504042 -0.9949549495504042
-0.34840525328330196 0.4004647564779976 0.1138660264141277 -0.998526101557563 -0.998526101557563
-0.34546591619762346 0.4026510481115486 0.11492232056193424 -1.0021331394340733 -1.0021331394340736
-0.34252657911194495 0.4048211000437358 0.11597539517314097 -1.0057767282566623 -1.0057767282566623
-0.33958724202626644 0.40697518184889225 0.11702526933279588 -1.009457546324727 -1.0094575463247273
-0.33664790494058794 0.4091135560950529 0.11807196194786758 -1.0131762858162463 -1.0131762858162463
-0.33370856785490943 0.41123647859151735 0.11911549174947314 -1.0169336534622928 -1.016933653462293
-0.3307692307692309 0.4133441986253819 0.1201558772950745 -1.0207303712417373 -1.0207303712417373
-0.3278298936835524 0.415436959187632 0.12119313697063609 -1.0245671770977671 -1.0245671770977673
-0.32489055659787347 0.41751499718934926 0.12222728899275248 -1.028444825677933 -1.028444825677933
-0.32195121951219496 0.4195785436685531 0.12325835141073925 -1.0323640890994956 -1.0323640890994956
-0.31901188242651646 0.4216278239881693 0.12428634210869387 -1.036325757741938 -1.036325757741938
-0.31607254534083795 0.42366305802557774 0.12531127880752385 -1.0403306410685882 -1.0403306410685884
-0.31313320825515945 0.42568446035417495 0.12633317906694183 -1.044379568479413 -1.044379568479413
-0.31019387116948094 0.42769224041735504 0.127352060287433 -1.0484733901971333 -1.0484733901971333
-0.30725453408380243 0.429686602695292 0.12836793971218852 -1.0526129781889495 -1.0526129781889497
-0.3043151969981239 0.43166774686487835 0.12938083442901221 -1.0567992271262834 -1.0567992271262834
-0.3013758599124454 0.4336358679531626 0.13039076137219693 -1.0610330553850889 -1.061033055385089
-0.2984365228267669 0.4355911564846024 0.13139773732437204 -1.0653154060894423 -1.0653154060894423
-0.29549718574108796 0.43753379862243125 0.1324017789183234 -1.0696472482012833 -1.0696472482012833
-0.29255784865540946 0.4394639763044258 0.1334029026387851 -1.0740295776593665 -1.0740295776593665
-0.28961851156973095 0.4413818673733398 0.13440112482420485 -1.0784634185706856 -1.0784634185706858
-0.28667917448405245 0.44328764570225554 0.13539646166848288 -1.0829498244578393 -1.0829498244578393
-0.28373983739837394 0.44518148131509344 0.13638892922268298 -1.0874898795660481 -1.0874898795660481
-0.28080050031269543 0.4470635405025041 0.1373785433967205 -1.0920847002337917 -1.0920847002337917
-0.2778611632270169 0.4489339859333563 0.13836531996102372 -1.0967354363313078 -1.0967354363313078
-0.2749218261413384 0.4507929767620228 0.13934927454816995 -1.1014432727715011 -1.1014432727715011
-0.2719824890556599 0.45264066873165354 0.14033042265449883 -1.1062094310981363 -1.1062094310981363
-0.2690431519699814 0.4544772142736206 0.1413087796417005 -1.111035171156555 -1.111035171156555
-0.2661038148843029 0.45630276260330066 0.1422843607383821 -1.115921792852542 -1.115921792852542
-0.26316447779862395 0.4581174598123624 0.14325718104160848 -1.120870638005396 -1.1208706380053965
-0.26022514071294545 0.45992144895770953 0.14422725551842258 -1.125883092301727 -1.1258830923017271
-0.25728580362726694 0.46171487014722756 0.14519459900734374 -1.130960587357009 -1.1309605873570092
-0.25434646654158843 0.4634978606224711 0.14615922621984234 -1.1361046028924784 -1.1361046028924784
-0.25140712945590993 0.4652705548384241 0.14712115174179471 -1.1413166690355665 -1.1413166690355667
-0.24846779237023142 0.4670330845404582 0.1480803900349165 -1.1465983687527381 -1.1465983687527381
-0.24552845528455292 0.46878557883860666 0.14903695543817458 -1.151951340424319 -1.151951340424319
-0.2425891181988744 0.4705281642792688 0.14999086216917992 -1.157377280571715 -1.157377280571715
-0.2396497811131959 0.47226096491445 0.15094212432555978 -1.1628779467482953 -1.1628779467482953
-0.2367104440275174 0.47398410236864114 0.1518907558863105 -1.1684551606061704 -1.1684551606061704
-0.23377110694183845 0.4756976959034325 0.1528367707131307 -1.1741108111521947 -1.1741108111521947
-0.23083176985615994 0.47740186247995664 0.15378018255173528 -1.1798468582076416 -1.1798468582076418
-0.22789243277048143 0.47909671681924815 0.15472100503315236 -1.1856653360873555 -1.1856653360873555
-0.22495309568480293 0.4807823714606021 0.15565925167500005 -1.191568357515552 -1.191568357515552
-0.22201375859912442 0.48245893681801266 0.15659493588274565 -1.1975581177970631 -1.1975581177970631
-0.21907442151344592 0.4841265212347689 0.1575280709509485 -1.2036368992645425 -1.2036368992645428
-0.2161350844277674 0.48578523103627835 0.1584586700644835 -1.209807076024097 -1.2098070760240973
-0.2131957473420889 0.4874351705811888 0.1593867462997483 -1.2160711190239513 -1.2160711190239513
-0.2102564102564104 0.489076442310875 0.1603123126258551 -1.2224316014731431 -1.2224316014731431
-0.2073170731707319 0.49070914679735145 0.16123538190580283 -1.2288912046399032 -1.2288912046399034
-0.20437773608505294 0.492333382789675 0.1621559668976367 -1.2354527240623348 -1.2354527240623348
-0.20143839899937444 0.49394924725888917 0.1630740802555879 -1.2421190762072987 -1.2421190762072989
-0.19849906191369593 0.49555683544157303 0.16398973453120166 -1.24889330561714 -1.24889330561714
-0.19555972482801742 0.4971562408820396 0.16490294217444676 -1.2557785925879648 -1.255778592587965
-0.19262038774233892 0.49874755547323857 0.16581371553481034 -1.2627782614278702 -1.2627782614278702
-0.1896810506566604 0.50033086949641 0.16672206686237986 -1.2698957893486988 -1.269895789348699
-0.1867417135709819 0.5019062716595362 0.16762800830890726 -1.2771348160507556 -1.2771348160507556
-0.1838023764853034 0.5034738491346324 0.16853155192886124 -1.284499154066524 -1.284499154066524
-0.1808630393996249 0.5050336875939241 0.1694327096804636 -1.2919927999368663 -1.2919927999368663
-0.17792370231394639 0.5065858712449446 0.1703314934267128 -1.2996199463016216 -1.2996199463016216
-0.17498436522826788 0.5081304828645979 0.1712279149363925 -1.3073849949960639 -1.307384994996064
-0.17204502814258893 0.509667603832219 0.17212198588506855 -1.3152925712555283 -1.3152925712555283
-0.16910569105691042 0.5111973141616686 0.1730137178560691 -1.3233475391428482 -1.3233475391428482
-0.16616635397123192 0.5127196925324999 0.17390312234145638 -1.3315550183273424 -1.3315550183273424
-0.1632270168855534 0.5142348163202224 0.1747902107429816 -1.339920402360123 -1.339920402360123
-0.1602876797998749 0.5157427616257017 0.1756749943730289 -1.3484493786089755 -1.3484493786089755
-0.1573483427141964 0.5172436033037197 0.17655748445554614 -1.2974478888526515 -1.4168480112216757
-0.1544090056285179 0.518737414990728 0.17743769212696495 -1.2407484854684088 -1.4912964326013454
-0.1514696685428394 0.5202242691318198 0.1783156284371058 -1.2070061290005485 -1.5431530980796544
-0.14853033145716088 0.5217042370069468 0.17919130435007452 -1.1812291694004058 -1.5874238620360126
-0.14559099437148237 0.5231773887564072 0.18006473074514445 -1.1598617141987786 -1.627679672815649
-0.14265165728580342 0.5246437934056306 0.18093591841762807 -1.1413799436468395 -1.6654603271121318
-0.13971232020012492 0.5261035188892795 0.18180487807973783 -1.1249662499634003 -1.7016004074803153
-0.1367729831144464 0.5275566320746955 0.18267162036143447 -1.110122834029544 -1.7366157705622407
-0.1338336460287679 0.5290031987847058 0.1835361558112662 -1.0965206142424548 -1.7708547323781356
-0.1308943089430894 0.5304432838198156 0.18439849489719481 -1.083929004510129 -1.8045683949302997
-0.1279549718574109 0.5318769509798044 0.1852586480074127 -1.0721792533762378 -1.8379474235555506
-0.1250156347717324 0.5333042630847453 0.18611662545114932 -1.0611436193103139 -1.8711430016478943
-0.12207629768605388 0.5347252819954675 0.18697243745946632 -1.0507227553664094 -1.904279591481119
-0.11913696060037537 0.5361400686334774 0.18782609418604382 -1.040837668490952 -1.9374631381132938
-0.11619762351469687 0.5375486830003586 0.18867760570795553 -1.0314243788285773 -1.9707865936829154
-0.11325828642901792 0.5389511841966641 0.18952698202643456 -1.0224302490852277 -2.0043337951729012
-0.11031894934333941 0.540347630440318 0.19037423306762916 -1.0138113880097122 -2.0381822952940394
-0.1073796122576609 0.5417380790845451 0.19121936868334988 -1.005530767912041 -2.072405510984611
-0.1044402751719824 0.5431225866353362 0.1920623986518058 -0.997556830494034 -2.1070744205236713
-0.1015009380863039 0.5445012087684713 0.19290333267833293 -0.9898624349395264 -2.142258961637968
-0.09856160100062539 0.5458740003461076 0.19374218039611235 -0.9824240511216252 -2.1780292353743835
-0.09562226391494688 0.5472410154329511 0.19457895136687975 -0.9752211317318262 -2.21445659118015
-0.09268292682926838 0.5486023073120203 0.19541365508162664 -0.9682356172459594 -2.2516146505448615
-0.08974358974358987 0.5499579285000167 0.1962463009612923 -0.9614515410225233 -2.2895803157213392
-0.08680425265791136 0.5513079307623138 0.1970768983574466 -0.9548547109221468 -2.328434804170831
-0.08386491557223286 0.5526523651275749 0.19790545655296563 -0.9484324501351282 -2.3682647471899614
-0.0809255784865539 0.5539912819020124 0.19873198476269824 -0.94217338434201 -2.4091633920228954
-0.0779862414008754 0.555324730683296 0.19955649213412358 -0.9360672655086822 -2.4512319504348827
-0.0750469043151969 0.5566527603741266 0.20037898774800242 -0.9301048249238417 -2.4945811433733516
-0.07210756722951839 0.5579754191954773 0.20119948061901935 -0.9242776497832559 -2.5393330014673885
-0.06916823014383988 0.5592927546995188 0.20201797969641633 -0.918578078888448 -2.5856229956146937
-0.06622889305816138 0.5606048137822326 0.20283449386462038 -0.9129991139784862 -2.633602592196296
-0.06328955597248287 0.5619116426957256 0.20364903194386252 -0.9075343439369902 -2.6834423557018736
-0.06035021888680436 0.5632132870602515 0.20446160269078814 -0.9021778796720888 -2.735335760992555
-0.05741088180112586 0.5645097918759487 0.20527221479906335 -0.8969242978975925 -2.789503932996782
-0.05447154471544735 0.565801201534303 0.20608087689996918 -0.891768592380075 -2.8462016108774897
-0.0515322076297684 0.5670875598293422 0.20688759756299374 -0.8867061314814677 -2.905724748396519
-0.048592870544089894 0.5683689099685699 0.20769238529641254 -0.8817326210369576 -2.9684203310532515
-0.04565353345841139 0.5696452945836482 0.2084952485478657 -0.876844071775817 -3.0346992440308145
-0.04271419637273288 0.5709167557408326 0.209296195704926 -0.8720367706277878 -3.105053413811475
-0.039774859287054376 0.5721833349511689 0.21009523509566053 -0.8673072553667774 -3.180079057608087
-0.03683552220137587 0.5734450731804575 0.21089237498918634 -0.8626522921324534 -3.260508862683138
-0.033896185115697364 0.5747020108589909 0.2116876235962183 -0.8580688554429674 -3.347257565120244
-0.030956848030018858 0.5759541878910737 0.21248098906961221 -0.8535541103717779 -3.4414882454543663
-0.02801751094434035 0.5772016436643257 0.21327247950489972 -0.8491053966109046 -3.544711790030143
-0.025078173858661845 0.578444417058779 0.21406210294081762 -0.8447202141839262 -3.6589416738524134
-0.022138836772982895 0.579682546455773 0.21484986735983172 -0.8403962106062073 -3.786945674818787
-0.01919949968730439 0.5809160697466491 0.21563578068865252 -0.8361311693184588 -3.93267794305123
-0.016260162601625883 0.5821450243412596 0.21641985079874762 -0.8319229992437942 -4.10207286048437
-0.013320825515947377 0.5833694471762838 0.21720208550684586 -0.8277697253387635 -4.304638791033494
-0.01038148843026887 0.5845893747233665 0.21798249257543664 -0.8236694800260429 -4.557069156709728
-0.007442151344590364 0.5858048429970784 0.21876107971326236 -0.8196204954110974 -4.893010722336156
-0.004502814258911858 0.5870158875627036 0.2195378545758072 -0.8156210961976054 -5.398498315215047
-0.0015634771732333519 0.5882225435438606 0.22031282476577846 -0.8116696932271218 -6.459273356721382
0.0013758599124451543 0.5894248456299587 0.22108599783358254 -0.8077647775776235 -6.590047504071228
0.00431519699812366 0.590622828083497 0.22185738127779647 -0.8039049151634733 -5.449881682195109
0.007254534083802167 0.5918165247472058 0.2226269825456327 -0.8000887417861652 -4.933255033700847
0.010193871169481117 0.5930059690510401 0.2233948090333995 -0.7963149585911107 -4.59591216042879
0.013133208255159623 0.5941911940190223 0.22416086808695534 -0.7925823278908586 -4.345333293933163
0.01607254534083813 0.5953722322759455 0.2249251670021599 -0.7888896693195956 -4.146105701389533
0.019011882426516635 0.5965491160539333 0.22568771302531657 -0.7852358562876808 -3.980858662170757
0.02195121951219514 0.5977218771988656 0.22644851335361316 -0.7816198127083651 -3.8397693999824627
0.024890556597873648 0.5988905471766702 0.22720757513555648 -0.7780405099718329 -3.7167385800451953
0.027829893683552154 0.6000551570794865 0.22796490547140116 -0.7744969641443339 -3.607717941797996
0.03076923076923066 0.6012157376317003 0.22872051141357455 -0.770988233372478 -3.5098827555131633
0.033708567854909166 0.6023723191958583 0.2294743999670972 -0.7675134154748091 -3.4211836515178007
0.03664790494058767 0.6035249317784601 0.2302265780899976 -0.764071645704572 -3.3400865411836684
0.03958724202626662 0.6046736050356344 0.23097705269372265 -0.7606620946691921 -3.265413195036524
0.04252657911194513 0.6058183682786997 0.23172583064354338 -0.7572839663933941 -3.196239070269853
0.045465916197623635 0.6069592504796151 0.23247291875895754 -0.7539364965141553 -3.131825362144264
0.04840525328330214 0.60809628027632 0.2332183238140849 -0.7506189505968084 -3.0715723825149053
0.05134459036898065 0.6092294859779699 0.2339620525380612 -0.7473306225626123 -3.014986705123931
0.05428392745465915 0.6103588955700664 0.2347041116154257 -0.7440708332190009 -2.9616574704047136
0.05722326454033766 0.6114845367194875 0.23544450768650496 -0.740838928884527 -2.911238946759959
0.060162601626016166 0.6126064367794186 0.2361832473477924 -0.7376342801012322 -2.863437465068139
0.06310193871169467 0.6137246227941864 0.23692033715232474 -0.7344562804278251 -2.81800147304231
0.06604127579737318 0.6148391215039999 0.2376557836100519 -0.7313043453076209 -2.7747138561139844
0.06898061288305168 0.6159499593495986 0.23838959318820557 -0.7281779110057316 -2.7333859319783054
0.07191994996873063 0.6170571624768111 0.23912177231166154 -0.7250764336104543 -2.6938526993249488
0.07485928705440914 0.6181607567410251 0.2398523273632992 -0.7219993880942418 -2.6559690390314197
0.07779862414008765 0.6192607677115741 0.240581264684357 -0.7189462674300129 -2.6196066475230797
0.08073796122576615 0.620357220676038 0.24130859057478476 -0.7159165817589254 -2.5846515392472624
0.08367729831144466 0.621450140644463 0.2420343112935895 -0.7129098576060311 -2.5510019960590755
0.08661663539712317 0.6225395523535012 0.24275843305918127 -0.7099256371405378 -2.5185668708737134
0.08955597248280167 0.6236254802704732 0.24348096204971198 -0.7069634774776465 -2.4872641745991113
0.09249530956848018 0.6247079485973522 0.2442019044034127 -0.7040229500191866 -2.45701989142155
0.09543464665415868 0.6257869812746772 0.244921266218926 -0.7011036398304733 -2.4277669795534402
0.09837398373983719 0.6268626019853887 0.24563905355563617 -0.6982051450510188 -2.399444523665995
0.10131332082551614 0.6279348341585975 0.24635527243399435 -0.6953270763369027 -2.3719970121950054
0.10425265791119465 0.6290037009732807 0.24706992883584072 -0.692469056332776 -2.3453737180787515
0.10719199499687315 0.6300692253619119 0.24778302870472355 -0.689630719171617 -2.3195281656624065
0.11013133208255166 0.6311314300140232 0.24849457794621532 -0.6868117100005059 -2.2944176697747216
0.11307066916823016 0.6321903373797032 0.24920458242822402 -0.6840116845308 -2.2700029355641975
0.11601000625390867 0.6332459696730307 0.24991304798130237 -0.6812303086112131 -2.2462477097333235
0.11894934333958718 0.6342983488754462 0.2506199803989535 -0.6784672578224104 -2.223118475449915
0.12188868042526568 0.6353474967390632 0.2513253854379323 -0.6757222170918237 -2.200584184534521
0.12482801751094419 0.6363934347899193 0.25202926881854665 -0.6729948803274844 -2.178616021591113
0.1277673545966227 0.6374361843311687 0.252731636224951 -0.6702849500697555 -2.157187195617472
0.13070669168230165 0.638475766446219 0.25343249330544093 -0.6675921371599178 -2.136272755342716
0.13364602876798015 0.6395122020018105 0.2541318456727419 -0.6649161604246394 -2.115849425123845
0.13658536585365866 0.6405455116510428 0.25482969890429735 -0.6622567463754151 -2.095895458715836
0.13952470293933716 0.6415757158363464 0.2555260585425513 -0.6596136289221367 -2.076390508630349
0.14246404002501567 0.6426028347924031 0.25622093009522917 -0.6569865490999932 -2.0573155091316218
0.14540337711069418 0.6436268885490142 0.2569143190356173 -0.6543752548089685 -2.038652571197291
0.14834271419637268 0.6446478969339199 0.25760623080283546 -0.6517795005652344 -2.02038488800626
0.1512820512820512 0.6456658795755686 0.2582966708021112 -0.6491990472638003 -2.002496649713291
0.1542213883677297 0.6466808559058395 0.2589856444050489 -0.646633661951804 -1.9849729664372058
0.1571607254534082 0.6476928451627154 0.25967315694989473 -0.6440831176118778 -1.9677997985314253
0.1601000625390867 0.648701866392914 0.2603592137418023 -0.6415471929550535 -1.950963893326475
0.16303939962476566 0.6497079384544702 0.2610438200530937 -0.6390256722227076 -1.934452727637324
0.16597873671044416 0.650711080019275 0.26172698112351656 -0.6365183449970749 -1.9182544554169312
0.16891807379612267 0.6517113095755735 0.2624087021605013 -0.6340250060198822 -1.9023578600133986
0.17185741088180118 0.6527086454304185 0.2630889883394139 -0.6315454550186974 -1.886752310553761
0.17479674796747968 0.6537031057120823 0.26376784480380633 -0.6290794965405941 -1.8714277220340256
0.1777360850531582 0.6546947083724297 0.2644452766656648 -0.6266269397927637 -1.856374518744227
0.1806754221388367 0.6556834711892499 0.2651212890056552 -0.6241875984897353 -1.8415836006998916
0.1836147592245152 0.6566694117685493 0.2657958868733665 -0.6217612907068668 -1.827046312788465
0.1865540963101937 0.6576525475468078 0.26646907528755076 -0.619347838739809 -1.8127544163716682
0.1894934333958722 0.6586328957931952 0.2671408592363621 -0.6169470689696429 -1.7987000631131191
0.19243277048155116 0.6596104736117531 0.26781124367759174 -0.6145588117334257 -1.7848757708254315
0.19537210756722967 0.6605852979435392 0.2684802335389018 -0.6121829011998786 -1.7712744011528598
0.19831144465290818 0.6615573855687379 0.26914783371805673 -0.6098191752499766 -1.7578891389247708
0.20125078173858668 0.6625267531087353 0.269814049083151 -0.6074674753622085 -1.7447134730322593
0.2041901188242652 0.6634934170281608 0.2704788844728364 -0.6051276465022893 -1.731741178695167
0.2071294559099437 0.6644573936368952 0.27114234469654663 -0.6027995370171153 -1.7189663010000948
0.2100687929956222 0.6654186990920467 0.2718044345347177 -0.6004829985327732 -1.70638313960177
0.2130081300813007 0.6663773493998947 0.272465158739009 -0.5981778858564113 -1.6939862344906165
0.2159474671669792 0.6673333604178027 0.273124522032521 -0.5958840568818016 -1.6817703527387047
0.21888680425265772 0.6682867478561001 0.2737825291100099 -0.5936013724984264 -1.6697304761445728
0.22182614133833667 0.6692375272799344 0.27443918463810096 -0.5913296965039315 -1.657861789704845
0.22476547842401517 0.6701857141110927 0.27509449325550006 -0.589068895519798 -1.6461596708472366
0.22770481550969368 0.6711313236297969 0.27574845957320293 -0.5868188389100883 -1.6346196793654437
0.2306441525953722 0.6720743709764675 0.27640108817470144 -0.584579398703136 -1.6232375480018373
0.2335834896810507 0.6730148711534618 0.2770523836161894 -0.5823504495160514 -1.6120091736286066
0.2365228267667292 0.6739528390267829 0.2777023504267654 -0.5801318684819177 -1.6009306089823778
0.2394621638524077 0.6748882893277648 0.27835099310863315 -0.5779235351795684 -1.5899980549111872
0.2424015009380862 0.6758212366547276 0.2789983161373009 -0.5757253315658335 -1.5792078530962372
0.24534083802376472 0.6767516954746101 0.2796443239617795 -0.5735371419101502 -1.568556479214012
0.24828017510944322 0.6776796801245748 0.28028902100477565 -0.5713588527314409 -1.5580405365072192
0.25121951219512173 0.6786052048135898 0.2809324116628871 -0.5691903527371647 -1.5476567497356148
0.2541588492808007 0.6795282836239855 0.2815745003067923 -0.5670315327644494 -1.537401959480139
0.2570981863664792 0.6804489305129872 0.2822152912814413 -0.5648822857232255 -1.5272731167759275
0.2600375234521577 0.6813671593142248 0.2828547889062429 -0.5627425065412714 -1.5172672780516963
0.2629768605378362 0.6822829837392196 0.28349299747525064 -0.5606120921111026 -1.5073816003548053
0.2659161976235147 0.6831964173788475 0.2841299212573464 -0.558490941238624 -1.4976133368428846
0.2688555347091932 0.6841074737047812 0.28476556449642376 -0.5563789545934779 -1.4879598325243961
0.2717948717948717 0.68501616607091 0.28539993141156783 -0.5542760346610202 -1.4784185202318474
0.2747342088805502 0.6859225077147382 0.2860330261972341 -0.552182085695862 -1.4689869168126006
0.27767354596622873 0.686826511758763 0.28666485302342526 -0.5500970136769114 -1.4596626195233393
0.28061288305190724 0.6877281912118308 0.28729541603586817 -0.5480207262638634 -1.4504433026152928
0.2835522201375862 0.688627558970475 0.2879247193561853 -0.545953132755077 -1.4413267140982526
0.2864915572232647 0.6895246278202312 0.2885527670820688 -0.5438941440467896 -1.4323106726722934
0.2894308943089432 0.6904194104369364 0.2891795632874499 -0.541843672593615 -1.4233930648168736
0.2923702313946217 0.6913119193880061 0.28980511202266834 -0.5398016323702793 -1.4145718420277742
0.2953095684803002 0.6922021671336932 0.29042941731463845 -0.5377679388345475 -1.4058450181929523
0.2982489055659787 0.6930901660283305 0.29105248316701665 -0.5357425088912942 -1.397210667099034
0.3011882426516572 0.6939759283215515 0.291674313560364 -0.5337252608576786 -1.3886669200607396
0.30412757973733573 0.6948594661594968 0.292294912452309 -0.5317161144293832 -1.3802119636660417
0.30706691682301424 0.6957407915860008 0.29291428377770956 -0.5297149906478738 -1.3718440376303682
0.31000625390869274 0.6966199165437609 0.2935324314488112 -0.5277218118686485 -1.3635614327535839
0.3129455909943717 0.697496852875493 0.2941493593554054 -0.5257365017304358 -1.3553624889739166
0.3158849280800502 0.6983716123250653 0.29476507136498653 -0.5237589851253106 -1.3472455935133756
0.3188242651657287 0.6992442065386215 0.2953795713229068 -0.5217891881696926 -1.3392091791095404
0.3217636022514072 0.7001146470656826 0.29599286305252914 -0.5198270381761985 -1.3312517223289724
0.3247029393370857 0.7009829453602362 0.2966049503553802 -0.5178724636263162 -1.3233717419577593
0.3276422764227642 0.7018491127818102 0.2972158370113004 -0.5159253941438724 -1.3155677974650168
0.33058161350844273 0.7027131605965293 0.2978255267785941 -0.513985760469266 -1.3078384875354148
0.33352095059412123 0.7035750999781586 0.29843402339417613 -0.5120534944344407 -1.3001824486670581
0.33646028767979974 0.7044349420091313 0.2990413305737195 -0.5101285289385719 -1.292598353831256
0.33939962476547825 0.7052926976815621 0.29964745201180093 -0.5082107979244426 -1.2850849111909457
0.34233896185115675 0.7061483778982475 0.30025239138204257 -0.5063002363554844 -1.2776408628747218
0.3452782989368357 0.7070019934736499 0.30085615233725704 -0.5043967801934628 -1.2702649838036009
0.3482176360225142 0.7078535551348702 0.3014587385095871 -0.5025003663767845 -1.2629560805678426
0.3511569731081927 0.7087030735226055 0.302060153510646 -0.5006109327994035 -1.2557129903512703
0.3540963101938712 0.7095505591920944 0.3026604009316557 -0.49872841829030923 -1.2485345799007272
0.35703564727954973 0.7103960226140478 0.3032594843435852 -0.49685276259357614 -1.2414197445384072
0.35997498436522823 0.7112394741755698 0.30385740729728494 -0.4949839063489566 -1.2343674072149449
0.36291432145090674 0.7120809241810617 0.30445417332362346 -0.4931217910729986 -1.2273765176012672
0.36585365853658525 0.7129203828531178 0.3050497859336192 -0.4912663591406705 -1.220446051217323
0.36879299562226375 0.7137578603334059 0.3056442486185742 -0.4894175537674797 -1.2135750085959116
0.37173233270794226 0.7145933666835381 0.30623756485020476 -0.4875753189920651 -1.2067624144799292
0.3746716697936212 0.7154269118859279 0.3068297380807707 -0.48573959965925056 -1.2000073170514487
0.3776110068792997 0.7162585058446362 0.30742077174320576 -0.48391034140354633 -1.1933087871911385
0.3805503439649782 0.7170881583862073 0.3080106692512428 -0.48208749063307793 -1.1866659177665835
0.3834896810506567 0.7179158792604918 0.3085994339995429 -0.4802709945139375 -1.1800778229481925
0.38642901813633523 0.7187416781414588 0.3091870693638184 -0.4784608009549372 -1.1735436375514074
0.38936835522201374 0.719565564627999 0.3097735787009581 -0.4766568585927566 -1.1670625164040116
0.39230769230769225 0.7203875482447132 0.31035896534915003 -0.4748591167774695 -1.160633633737407
0.39524702939337075 0.7212076384426954 0.3109432326280036 -0.47306752555844006 -1.1542561826007776
0.39818636647904926 0.7220258446003012 0.31152638383866976 -0.4712820356705747 -1.147929374297112
0.40112570356472776 0.7228421760239087 0.31210842226396085 -0.4695025985209209 -1.141652437840126
0.4040650406504067 0.7236566419486672 0.31268935116847046 -0.4677291661756023 -1.1354246194311537
0.4070043777360852 0.7244692515392384 0.3132691737986888 -0.46596169134707977 -1.129245181955147
0.4099437148217637 0.7252800138905258 0.31384789338312025 -0.46420012738172506 -1.1231134044949358
0.41288305190744223 0.7260889380283956 0.3144255131324001 -0.46244442824770454 -1.1170285818629837
0.41582238899312074 0.7268960329103886 0.3150020362394059 -0.460694548523159 -1.1109900241498745
0.41876172607879925 0.7277013074264215 0.315577465879374 -0.4589504433846707 -1.1049970562888254
0.42170106316447775 0.7285047703994801 0.31615180521000963 -0.45721206859601127 -1.0990490176355503
0.42464040025015626 0.7293064305863034 0.3167250573715996 -0.45547938049716163 -1.0931452615628263
0.42757973733583476 0.7301062966780583 0.31729722548712164 -0.4537523359935949 -1.087285155069159
0.43051907442151327 0.7309043773010065 0.3178683126623546 -0.45203089254581563 -1.0814680784009538
0.4334584115071918 0.7317006810171625 0.3184383219859861 -0.4503150081591477 -1.07569342468765
0.4363977485928707 0.7324952163249419 0.3190072565297205 -0.4486046413737651 -1.0699605995892774
0.43933708567854923 0.733287991659804 0.3195751193483852 -0.4468997512549544 -1.0642690209559458
0.44227642276422774 0.7340790153948842 0.320141913480036 -0.44520029738360833 -1.0586181184987704
0.44521575984990625 0.7348682958416185 0.3207076419460616 -0.4435062398469395 -1.0530073334717915
0.44815509693558475 0.7356558412503611 0.32127230775128757 -0.44181753922940753 -1.0474361183644465
0.45109443402126326 0.7364416598109936 0.32183591388407856 -0.4401341566038607 -1.041903936604172
0.45403377110694176 0.7372257596535263 0.3223984633164407 -0.43845605352287387 -1.0364102622687488
0.45697310819262027 0.7380081488486918 0.3229599590041221 -0.43678319201029114 -1.0309545798080038
0.4599124452782988 0.7387888354085332 0.3235204038867126 -0.43511553455295493 -1.025536383774507
0.4628517823639773 0.7395678272869808 0.32407980088774396 -0.43345304409262575 -1.0201551785629233
0.46579111944965623 0.740345132380426 0.3246381529147866 -0.4317956840180831 -1.0148104781576779
0.46873045653533474 0.7411207585282855 0.32519546285954787 -0.4301434181574022 -1.009501805888637
0.47166979362101324 0.7418947135135594 0.3257517335979687 -0.42849621077040334 -1.0042286941944754
0.47460913070669175 0.7426670050633819 0.3263069679903186 -0.4268540265412688 -0.998990684393471
0.47754846779237026 0.7434376408495658 0.3268611688812912 -0.4252168305713235 -0.9937873264614296
0.48048780487804876 0.7442066284891389 0.3274143391000974 -0.4235845883719727 -0.9886181788164838
0.48342714196372727 0.7449739755448767 0.3279664814605593 -0.4219572658577949 -0.9834828081105116
0.4863664790494058 0.7457396895258251 0.3285175987612022 -0.4203348293397853 -0.9783807890269323
0.4893058161350843 0.7465037778878194 0.32906769378534584 -0.4187172455187448 -0.9733117040846473
0.4922451532207628 0.7472662480339956 0.32961676930119554 -0.417104481478812 -0.9682751434479044
0.49518449030644174 0.7480271073152954 0.3301648280619322 -0.41549650468113386 -0.9632707047418725
0.49812382739212024 0.7487863630309665 0.3307118728058003 -0.41389328295767175 -0.958297992873723
0.5010631644777988 0.7495440224290548 0.33125790625619805 -0.4122947845051379 -0.9533566198590189
0.5040025015634773 0.7503000927068926 0.3318029311217635 -0.410700977879062 -0.9484462046532294
0.5069418386491558 0.7510545810115796 0.33234695009646187 -0.4091118319879801 -0.9435663729881871
0.5098811757348343 0.751807494440459 0.33288996585967146 -0.40752731608774917 -0.9387167572133162
0.5128205128205128 0.7525588400415865 0.33343198107626965 -0.40594739977597605 -0.9338969961414627
0.5157598499061913 0.7533086248141962 0.3339729983967158 -0.4043720529865648 -0.9291067348991736
0.5186991869918698 0.7540568557091583 0.3345130204571366 -0.4028012459843756 -0.9243456247812682
0.5216385240775483 0.7548035396294329 0.33505204987940884 -0.40123494935999404 -0.9196133231095557
0.5245778611632268 0.7555486834305182 0.33559008927124084 -0.39967313402460763 -0.9149094930955596
0.5275171982489057 0.7562922939208934 0.33612714122625503 -0.39811577120498487 -0.9102338037071105
0.5304565353345843 0.7570343778624546 0.3366632083240684 -0.39656283243856094 -0.9055859295386863
0.5333958724202628 0.7577749419709503 0.33719829313037286 -0.3950142895686161 -0.900965550685358
0.5363352095059413 0.7585139929164058 0.33773239819701484 -0.39347011473955684 -0.8963723526202406
0.5392745465916198 0.7592515373235469 0.3382655260620737 -0.39193028039228855 -0.8918060260753208
0.5422138836772983 0.7599875817722173 0.3387976792499401 -0.39039475925968115 -0.8872662669255533
0.5451532207629768 0.7607221327977909 0.3393288602713934 -0.3888635243621247 -0.8827527760761222
0.5480925578486553 0.761455196891579 0.3398590716236785 -0.38733654900317227 -0.8782652593527607
0.5510318949343338 0.7621867805012346 0.3403883157905816 -0.3858138067652709 -0.8738034273950306
0.5539712320200123 0.7629168900311492 0.340916595242506 -0.38429527150557136 -0.8693669955524723
0.5569105691056913 0.7636455318428483 0.3414439124365469 -0.38278091735182596 -0.8649556837835235
0.5598499061913698 0.764372712255379 0.3419702698165646 -0.3812707186983604 -0.860569216557129
0.5627892432770483 0.7650984375456954 0.34249566981325963 -0.3797646502021268 -0.8562073227569456
0.5657285803627268 0.7658227139490399 0.3430201148442441 -0.3782626867788311 -0.8518697355880719
0.5686679174484053 0.7665455476593176 0.34354360731411415 -0.3767648035991357 -0.8475561924862153
0.5716072545340838 0.7672669448294693 0.34406614961452214 -0.37527097608493437 -0.8432664350292234
0.5745465916197623 0.7679869115718385 0.3445877441242473 -0.3737811799056969 -0.8390002088509074
0.5774859287054408 0.7687054539585346 0.34510839320926545 -0.3722953909748848 -0.8347572635570844
0.5804252657911193 0.7694225780217926 0.34562809922281973 -0.3708135854464327 -0.8305373526437725
0.5833646028767978 0.7701382897543281 0.3461468645054888 -0.3693357397112968 -0.826340233417473
0.5863039399624768 0.7708525951096885 0.3466646913852557 -0.3678618303940674 -0.8221656669174743
0.5892432770481553 0.7715655000025998 0.3471815821775758 -0.36639183434964523 -0.8180134178401192
0.5921826141338338 0.7722770103093107 0.34769753918544377 -0.36492572865997813 -0.8138832544649734
0.5951219512195123 0.7729871318679323 0.34821256469946116 -0.3634634906308588 -0.8097749485828409
0.5980612883051908 0.7736958704787728 0.34872666099790134 -0.3620050977887805 -0.805688275425571
0.6010006253908693 0.7744032319046699 0.34923983034677575 -0.36055052787785186 -0.8016230135976015
0.6039399624765478 0.77510922187132 0.34975207499989863 -0.35909975885676637 -0.7975789450091909
0.6068792995622263 0.7758138460676017 0.35026339719895194 -0.35765276889582764 -0.7935558548112851
0.6098186366479048 0.7765171101458976 0.3507737991735483 -0.3562095363740281 -0.7895535313319745
0.6127579737335833 0.7772190197224118 0.35128328314129514 -0.3547700398761803 -0.785571766014496
0.6156973108192618 0.7779195803774834 0.3517918513078568 -0.3533342581901 -0.7816103533567298
0.6186366479049408 0.7786187976558985 0.3522995058670173 -0.35190217030383847 -0.7776690908521543
0.6215759849906193 0.7793166770671953 0.3528062490007412 -0.35047375540296644 -0.773747778932216
0.6245153220762978 0.78001322408597 0.3533120828792352 -0.34904899286790275 -0.7698462209100658
0.6274546591619763 0.7807084441521768 0.35381700966100954 -0.34762786227129217 -0.7659642229256387
0.6303939962476548 0.7814023426714244 0.3543210314929358 -0.3462103433754299 -0.7621015938920229
0.6333333333333333 0.7820949250152708 0.35482415051030863 -0.34479641612972917 -0.7582581454430943
0.6362726704190118 0.7827861965215146 0.3553263688369036 -0.3433860606682342 -0.7544336918823704
0.6392120075046903 0.7834761624944815 0.35582768858503583 -0.3419792573071761 -0.7506280501330606
0.6421513445903688 0.78416482820531 0.35632811185561786 -0.34057598654257165 -0.7468410396892696
0.6450906816760473 0.7848521988922328 0.35682764073821754 -0.3391762290478613 -0.7430724825683295
0.6480300187617263 0.7855382797608556 0.3573262773111143 -0.33777996567159074 -0.7393222032642235
0.6509693558474048 0.7862230759844313 0.35782402364135635 -0.33638717743512947 -0.7355900287020802
0.6539086929330833 0.786906592704135 0.3583208817848154 -0.3349978455304289 -0.731875788193695
0.6568480300187618 0.7875888350293319 0.35881685378624356 -0.3336119513178206 -0.7281793133940672
0.6597873671044403 0.7882698080378449 0.3593119416793271 -0.33222947632384714 -0.7245004382589136
0.6627267041901188 0.7889495167762186 0.3598061474867416 -0.3308504022391344 -0.720838999003136
0.6656660412757973 0.7896279662599808 0.36029947322020517 -0.3294747109162959 -0.7171948340602198
0.6686053783614758 0.7903051614739002 0.3607919208805333 -0.3281023843678746 -0.7135677840425337
0.6715447154471543 0.7909811073722434 0.3612834924576901 -0.32673340476431617 -0.7099576917025102
0.6744840525328328 0.7916558088790272 0.36177418993084215 -0.3253677544319788 -0.7063644018946845
0.6774233896185118 0.7923292708882692 0.36226401526841 -0.32400541585117376 -0.7027877615385633
0.6803627267041903 0.7930014982642358 0.3627529704281202 -0.3226463716542399 -0.6992276195823115
0.6833020637898688 0.7936724958416869 0.3632410573570556 -0.32129060462364684 -0.6956838269672235
0.6862414008755473 0.7943422684261195 0.36372827799170687 -0.319938097690132 -0.692156236592971
0.6891807379612258 0.7950108207940076 0.36421463425802275 -0.31858883393086695 -0.6886447032835962
0.6921200750469043 0.7956781576930393 0.36470012807145846 -0.31724279656765275 -0.6851490837542418
0.6950594121325828 0.7963442838423522 0.3651847613370274 -0.3158999689651447 -0.6816692365785872
0.6979987492182613 0.797009203932767 0.3656685359493474 -0.3145603346291068 -0.6782050221569851
0.7009380863039398 0.7976729226270172 0.3661514537926916 -0.313223877204692 -0.6747563026852693
0.7038774233896183 0.7983354445599767 0.3666335167410343 -0.31189058047475227 -0.6713229421242275
0.7068167604752968 0.7989967743388868 0.3671147266580997 -0.31056042835817266 -0.6679048061697114
0.7097560975609758 0.7996569165435788 0.3675950853974096 -0.3092334049082348 -0.6645017622233774
0.7126954346466543 0.8003158757266945 0.3680745948023279 -0.3079094943110047 -0.6611136793640395
0.7156347717323328 0.800973656413906 0.36855325670610967 -0.30658868088374425 -0.6577404283196115
0.7185741088180113 0.8016302631041323 0.3690310729319448 -0.3052709490733513 -0.6543818814396386
0.7215134459036898 0.8022857002697532 0.3695080452930044 -0.30395628345482106 -0.6510379126683887
0.7244527829893683 0.8029399723568218 0.36998417559248564 -0.30264466872973245 -0.647708397518503
0.7273921200750468 0.8035930837852748 0.37045946562365645 -0.30133608972475767 -0.644393213045179
0.7303314571607253 0.8042450389491401 0.37093391716989926 -0.3000305313901956 -0.6410922378208856
0.7332707942464038 0.8048958422167432 0.3714075320047557 -0.2987279787985262 -0.6378053519105875
0.7362101313320824 0.8055454979309102 0.37188031189196885 -0.2974284171429883 -0.634532436847473
0.7391494684177613 0.806194010409171 0.3723522585855267 -0.2961318317361787 -0.6312733756091676
0.7420888055034398 0.8068413839439572 0.372823373829705 -0.29483820800867283 -0.6280280525944302
0.7450281425891183 0.807487622802802 0.373293659359109 -0.29354753150766544 -0.6247963536003074
0.7479674796747968 0.8081327312285341 0.3737631168987154 -0.2922597878956328 -0.6215781657997486
0.7509068167604753 0.8087767134394728 0.3742317481639135 -0.29097496294901476 -0.6183733777196612
0.7538461538461538 0.8094195736296196 0.37469955486054646 -0.2896930425569163 -0.615181879219402
0.7567854909318323 0.8100613159688476 0.37516653868495226 -0.28841401271982825 -0.6120035614696889
0.7597248280175108 0.8107019446030912 0.3756327013240026 -0.28713785954836823 -0.6088383169319276
0.7626641651031894 0.8113414636545307 0.37609804445514394 -0.28586456926203896 -0.6056860393379397
0.7656035021888679 0.811979877221778 0.37656256974643687 -0.28459412818800567 -0.6025466236700885
0.7685428392745468 0.812617189380059 0.37702627885659445 -0.28332652275989045 -0.5994199661417847
0.7714821763602253 0.813253404181394 0.37748917343502125 -0.2820617395165868 -0.5963059641783754
0.7744215134459038 0.8138885256547771 0.3779512551218519 -0.2807997651010886 -0.5932045163983903
0.7773608505315823 0.814522557806354 0.3784125255479891 -0.2795405862593373 -0.5901155225951572
0.7803001876172608 0.8151555046195971 0.3788729863351407 -0.27828418983908654 -0.5870388837187616
0.7832395247029393 0.81578737005548 0.379332639095857 -0.2770305627887827 -0.5839745018583518
0.7861788617886178 0.8164181580526488 0.3797914854335683 -0.27577969215646086 -0.5809222802247782
0.7891181988742964 0.8170478725275938 0.38024952694262 -0.2745315650886581 -0.5778821231335601
0.7920575359599749 0.817676517374818 0.38070676520831037 -0.2732861688293409 -0.5748539359881741
0.7949968730456534 0.8183040964670039 0.38116320180692503 -0.2720434907188489 -0.571837625263651
0.7979362101313319 0.81893061365518 0.3816188383057728 -0.27080351819285353 -0.5688330984904844
0.8008755472170108 0.8195560727688849 0.382073676263221 -0.26956623878133 -0.5658402642388345
0.8038148843026893 0.8201804776163291 0.3825277172287298 -0.2683316401075473 -0.562859032103026
0.8067542213883678 0.8208038319845568 0.38298096274288657 -0.26709970988706777 -0.5598893126863309
0.8096935584740463 0.8214261396396045 0.38343341433744016 -0.2658704359267643 -0.5569310175860305
0.8126328955597248 0.8220474043266605 0.3838850735353344 -0.2646438061238503 -0.5539840593787547
0.8155722326454033 0.8226676297702191 0.3843359418507409 -0.2634198084649222 -0.5510483516060838
0.8185115697310819 0.823286819674238 0.38478602078909335 -0.2621984310250167 -0.5481238087604152
0.8214509068167604 0.8239049777222897 0.3852353118471185 -0.2609796619666799 -0.5452103462710863
0.8243902439024389 0.8245221075777147 0.3856838165128695 -0.25976348953905043 -0.5423078804907451
0.8273295809881174 0.8251382128837723 0.38613153626575797 -0.2585499020769541 -0.5394163286819699
0.8302689180737963 0.8257532972637888 0.38657847257658473 -0.25733888800001126 -0.5365356090041248
0.8332082551594748 0.8263673643213061 0.3870246269075717 -0.2561304358117576 -0.533665640500455
0.8361475922451533 0.826980417640228 0.3874700007123929 -0.2549245340987749 -0.5308063430854048
0.8390869293308318 0.8275924607849647 0.38791459543620466 -0.25372117152983453 -0.5279576375321675
0.8420262664165103 0.8282034973005779 0.38835841251567615 -0.2525203368550534 -0.5251194454604509
0.8449656035021889 0.8288135307129209 0.38880145337901945 -0.2513220189050598 -0.5222916893244599
0.8479049405878674 0.829422564528782 0.38924371944601915 -0.2501262065901715 -0.5194742924010903
0.8508442776735459 0.8300306022360229 0.38968521212806123 -0.24893288889958445 -0.5166671787783277
0.8537836147592244 0.830637647303717 0.39012593282816266 -0.24774205490057236 -0.5138702733438494
0.8567229518449029 0.8312437031822875 0.3905658829409995 -0.24655369373769706 -0.5110835017738253
0.8596622889305818 0.8318487733036422 0.39100506385293593 -0.24536779463202907 -0.5083067905219099
0.8626016260162603 0.8324528610813092 0.3914434769420517 -0.24418434688037977 -0.5055400668084286
0.8655409631019388 0.8330559699105696 0.39188112357816973 -0.2430033398545404 -0.5027832586097438
0.8684803001876173 0.8336581031685897 0.3923180051228845 -0.24182476300053574 -0.5000362946478087
0.8714196372732959 0.8342592642145523 0.3927541229295875 -0.2406486058378835 -0.49729910437989633
0.8743589743589744 0.8348594563897868 0.3931894783434958 -0.23947485795886586 -0.4945716179885056
0.8772983114446529 0.8354586830178963 0.39362407270167715 -0.23830350902780936 -0.4918537663714352
0.8802376485303314 0.8360569474048867 0.39405790733307644 -0.23713454878037432 -0.48914548113202894
0.8831769856160099 0.8366542528392926 0.39449098355854256 -0.23596796702285405 -0.4864466945695828
0.8861163227016884 0.8372506025923017 0.3949233026908521 -0.23480375363148223 -0.48375733966991513
0.8890556597873669 0.8378459999178789 0.39535486603473585 -0.23364189855175 -0.4810773500960911
0.8919949968730458 0.8384404480528904 0.3957856748869041 -0.23248239179773064 -0.47840666017930644
0.8949343339587243 0.8390339502172239 0.3962157305360696 -0.2313252234514155 -0.4757452049099205
0.8978736710444029 0.8396265096139102 0.3966450342629731 -0.230170383662054 -0.4730929199286359
0.9008130081300814 0.8402181294292423 0.3970735873404077 -0.22901786264550697 -0.47044974151782676
0.9037523452157599 0.8408088128328948 0.39750139103324134 -0.22786765068360432 -0.46781560659300886
0.9066916823014384 0.8413985629780397 0.39792844659844123 -0.22671973812351287 -0.4651904526944489
0.9096310193871169 0.8419873830014649 0.39835475528509645 -0.22557411537711203 -0.4625742179789122
0.9125703564727954 0.8425752760236875 0.3987803183344405 -0.22443077292037567 -0.4599668412115431
0.9155096935584739 0.8431622451490698 0.39920513697987503 -0.2232897012927642 -0.45736826175787937
0.9184490306441524 0.8437482934659318 0.3996292124469904 -0.22215089109662253 -0.45477841957599396
0.9213883677298313 0.8443334240466636 0.40005254595358897 -0.22101433299658532 -0.4521972552087652
0.9243277048155099 0.8449176399478369 0.40047513870970597 -0.21988001771899157 -0.4496247097762708
0.9272670419011884 0.8455009442103152 0.40089699191763134 -0.21874793605130402 -0.44706072496830174
0.9302063789868669 0.8460833398593633 0.40131810677193 -0.2176180788415372 -0.444505243037
0.9331457160725454 0.8466648299047559 0.40173848445946386 -0.21649043699769235 -0.44195820678961056
0.9360850531582239 0.8472454173408844 0.40215812615941066 -0.21536500148719853 -0.43941955958134815
0.9390243902439024 0.8478251051468646 0.40257703304328596 -0.2142417633363618 -0.4368892453083795
0.9419637273295809 0.8484038962866404 0.4029952062749613 -0.2131207136298199 -0.43436720840091375
0.9449030644152594 0.8489817937090908 0.40341264701068497 -0.21200184351000392 -0.4318533938164034
0.9478424015009379 0.849558800348132 0.4038293563991013 -0.21088514417660725 -0.4293477470328506
0.9507817385866169 0.8501349191228206 0.4042453355812685 -0.20977060688605947 -0.4268502140422183
0.9537210756722954 0.8507101529374559 0.40466058569067886 -0.20865822295100844 -0.42436074134394597
0.9566604127579739 0.851284504681681 0.4050751078532762 -0.20754798373980693 -0.4218792759385621
0.9595997498436524 0.8518579772305823 0.4054889031874748 -0.2064398806760054 -0.41940576532139956
0.9625390869293309 0.8524305734447898 0.4059019728041768 -0.20533390523785325 -0.4169401574764061
0.9654784240150094 0.8530022961705749 0.40631431780678956 -0.2042300489578028 -0.41448240087005
0.9684177611006879 0.8535731482399485 0.4067259392912437 -0.20312830342202112 -0.4120324444453199
0.9713570981863664 0.8541431324707571 0.40713683834600944 -0.20202866026990676 -0.4095902376158153
0.9742964352720449 0.8547122516667801 0.40754701605211363 -0.2009311111936133 -0.40715573025992996
0.9772357723577234 0.8552805086178231 0.40795647348315683 -0.19983564793757688 -0.4047288727151191
0.9801751094434019 0.8558479060998138 0.4083652117053282 -0.198742262298051 -0.40230961577225754
0.9831144465290809 0.8564144468748949 0.40877323177742253 -0.19765094612264475 -0.39989791067008157
0.9860537836147594 0.8569801336915168 0.40918053475085525 -0.19656169130986909 -0.39749370908971493
0.9889931207004379 0.8575449692845298 0.4095871216696781 -0.19547448980868548 -0.39509696314927545
0.9919324577861164 0.8581089563752748 0.40999299357059393 -0.19438933361806204 -0.39270762539856385
0.9948717948717949 0.8586720976716745 0.410398151482972 -0.19330621478653348 -0.39032564881383197
0.9978111319574734 0.8592343958683221 0.41080259642886163 -0.19222512541176706 -0.38795098679262885
1.000750469043152 0.8597958536465707 0.4112063294230072 -0.19114605764013248 -0.3855835931487217
1.0036898061288304 0.8603564736746219 0.411609351472862 -0.1900690036662783 -0.38322342210709387
1.006629143214509 0.8609162586076117 0.4120116635786013 -0.18899395573271047 -0.380870428299016
1.0095684803001874 0.8614752110876989 0.4124132667331367 -0.18792090612937923 -0.3785245667571878
1.0125078173858664 0.8620333337441503 0.4128141619221279 -0.18684984719326803 -0.3761857929109546
1.0154471544715449 0.8625906291934247 0.4132143501239973 -0.18578077130798787 -0.373854062581592
1.0183864915572234 0.8631471000392599 0.4136138323099408 -0.18471367090337668 -0.3715293319776566
1.021325828642902 0.8637027488727544 0.4140126094439416 -0.18364853845510248 -0.36921155769040936
1.0242651657285804 0.8642575782724516 0.41441068248278107 -0.18258536648427134 -0.36690069668930086
1.027204502814259 0.8648115908044217 0.41480805237605095 -0.18152414755704094 -0.3645967063175243
1.0301438398999374 0.8653647890223434 0.41520472006616477 -0.18046487428423494 -0.36229954428763195
1.033083176985616 0.8659171754675853 0.4156006864883693 -0.1794075393209666 -0.3600091686772134
1.0360225140712944 0.8664687526692862 0.4159959525707545 -0.1783521353662623 -0.3577255379246371
1.038961851156973 0.8670195231444348 0.4163905192342655 -0.17729865516269097 -0.35544861082485246
1.0419011882426514 0.8675694893979481 0.41678438739271173 -0.17624709149599943 -0.3531783465252498
1.0448405253283304 0.8681186539227514 0.4171775579527778 -0.17519743719474687 -0.35091470452158224
1.047779862414009 0.8686670191998543 0.41757003181403296 -0.17414968512994938 -0.34865764465394367
1.0507191994996874 0.8692145876984287 0.41796180986894 -0.17310382821472323 -0.34640712710280075
1.053658536585366 0.8697613618758857 0.4183528930028657 -0.17205985940393495 -0.34416311238508634
1.0565978736710444 0.8703073441779505 0.4187432820940893 -0.17101777169385526 -0.34192556135034263
1.059537210756723 0.8708525370387382 0.4191329780138105 -0.16997755812181453 -0.33969443517692116
1.0624765478424014 0.8713969428808286 0.41952198162615884 -0.1689392117658649 -0.33746969536823457
1.06541588492808 0.8719405641153403 0.4199102937882007 -0.16790272574444318 -0.3352513037490599
1.0683552220137584 0.872483403142003 0.4202979153499483 -0.16686809321604038 -0.33303922246189577
1.071294559099437 0.8730254623492323 0.420684847154367 -0.16583530737887162 -0.3308334139633662
1.0742338961851159 0.8735667441142003 0.4210710900373817 -0.16480436147055275 -0.32863384102067617
1.0771732332707944 0.8741072508029077 0.4214566448278842 -0.1637752487677778 -0.32644046670811655
1.080112570356473 0.8746469847702558 0.4218415123477411 -0.16274796258600138 -0.32425325440361474
1.0830519074421514 0.8751859483601159 0.42222569341179894 -0.1617224962791241 -0.32207216778533376
1.08599124452783 0.8757241439053991 0.42260918882788967 -0.160698843239181 -0.3198971708283174
1.0889305816135084 0.8762615737281275 0.4229919993968391 -0.1596769968960341 -0.31772822780118115
1.091869918699187 0.8767982401395009 0.4233741259124696 -0.1586569507170673 -0.3155653032628478
1.0948092557848654 0.8773341454399662 0.4237555691616073 -0.15763869820688473 -0.3134083620593262
1.097748592870544 0.8778692919192852 0.42413632992408634 -0.1566222329070128 -0.3112573693205355
1.1006879299562224 0.8784036818566014 0.42451640897275394 -0.1556075483956048 -0.3091122904571691
1.1036272670419014 0.8789373175205072 0.42489580707347446 -0.15459463828714895 -0.30697309115760424
1.10656660412758 0.8794702011691095 0.4252745249851332 -0.15358349623217923 -0.30483973738484893
1.1095059412132584 0.8800023350500951 0.42565256345964186 -0.15257411591698913 -0.30271219537353267
1.112445278298937 0.8805337214007969 0.42602992324194033 -0.1515664910633491 -0.3005904316269342
1.1153846153846154 0.8810643624482581 0.4264066050700009 -0.15056061542822557 -0.2984744129140523
1.118323952470294 0.8815942604092952 0.426782609674831 -0.1495564828035052 -0.2963641062667112
1.1212632895559724 0.8821234174905632 0.42715793778047606 -0.1485540870157181 -0.294259478976707
1.124202626641651 0.8826518358886176 0.4275325901040217 -0.14755342192576895 -0.29216049859299026
1.1271419637273294 0.8831795177899773 0.42790656735559657 -0.14655448142866642 -0.2900671329188858
1.130081300813008 0.883706465371187 0.4282798702383725 -0.1455572594532575 -0.2879793500093484
1.1330206378986865 0.8842326807988781 0.4286524994485681 -0.14456174996196486 -0.28589711816825425
1.1359599749843654 0.8847581662298305 0.4290244556754489 -0.14356794695052516 -0.2838204059457279
1.138899312070044 0.8852829238110335 0.42939573960132815 -0.14257584444773208 -0.2817491821355046
1.1418386491557224 0.8858069556797445 0.429766351901568 -0.14158543651518032 -0.2796834157723238
1.144777986241401 0.8863302639635509 0.4301362932445796 -0.14059671724701295 -0.27762307612935916
1.1477173233270794 0.8868528507804273 0.43050556429182335 -0.13960968076967106 -0.27556813271567987
1.150656660412758 0.8873747182387959 0.43087416569780834 -0.13862432124164625 -0.2735185552737448
1.1535959974984364 0.8878958684375833 0.431242098110092 -0.13764063285323583 -0.27147431377693004
1.156535334584115 0.8884163034662803 0.4316093621692791 -0.13665860982629882 -0.2694353784270838
1.1594746716697935 0.8889360254049977 0.43197595850902076 -0.13567824641401624 -0.267401719652118
1.162414008755472 0.8894550363245237 0.4323418877560133 -0.13469953690065362 -0.26537330810362536
1.165353345841151 0.8899733382863816 0.43270715052999537 -0.133722475601325 -0.2633501146545282
1.1682926829268294 0.8904909333428838 0.43307174744374766 -0.13274705686175886 -0.2613321103967597
1.171232020012508 0.8910078235371897 0.43343567910308856 -0.13177327505806902 -0.2593192666389678
1.1741713570981864 0.8915240109033595 0.4337989461068728 -0.13080112459652357 -0.2573115549042546
1.177110694183865 0.8920394974664099 0.43416154904698806 -0.129830599913321 -0.25530894692793943
1.1800500312695434 0.8925542852423679 0.43452348850835165 -0.1288616954743634 -0.2533114146553508
1.182989368355222 0.8930683762383257 0.43488476506890705 -0.12789440577503675 -0.25131893023964735
1.1859287054409005 0.893581772452493 0.4352453792996188 -0.12692872533998928 -0.24933146603966358
1.188868042526579 0.8940944758742517 0.4356053317644707 -0.1259646487229147 -0.24734899461778204
1.1918073796122575 0.8946064884842078 0.4359646230204586 -0.125002170506337 -0.24537148873783474
1.1947467166979364 0.8951178122542438 0.43632325361758695 -0.12404128530139542 -0.2433989213630256
1.197686053783615 0.895628449147571 0.4366812240988637 -0.12308198774763471 -0.24143126565388284
1.2006253908692934 0.8961384011187813 0.4370385350002932 -0.12212427251279453 -0.23946849496623218
1.203564727954972 0.8966476701138981 0.4373951868508726 -0.12116813429260269 -0.2375105828491982
1.2065040650406504 0.8971562580704271 0.4377511801725835 -0.12021356781056963 -0.23555750304322717
1.209443402126329 0.8976641669174074 0.4381065154803867 -0.11926056781778435 -0.23360922947813542
1.2123827392120075 0.8981713985754601 0.43846119328221556 -0.11830912909271453 -0.2316657362711804
1.215322076297686 0.8986779549568404 0.4388152140789668 -0.11735924644100515 -0.2297269977251546
1.2182614133833645 0.8991838379654848 0.43916857836449563 -0.11641091469528211 -0.22779298832650463
1.221200750469043 0.899689049497061 0.43952128662560574 -0.11546412871495564 -0.22586368274346805
1.2241400875547215 0.9001935914390162 0.4398733393420424 -0.11451888338602717 -0.2239390558242371
1.2270794246404004 0.9006974656706265 0.44022473698648296 -0.11357517362089634 -0.22201908259514141
1.230018761726079 0.9012006740630424 0.44057548002452884 -0.11263299435817148 -0.22010373825885404
1.2329580988117574 0.9017032184793392 0.44092556891469525 -0.11169234056248031 -0.2181929981926157
1.235897435897436 0.9022051007745617 0.4412750041084025 -0.1107532072242849 -0.21628683794648348
1.2388367729831145 0.9027063227957731 0.44162378604996544 -0.10981558935969427 -0.2143852332415978
1.241776110068793 0.9032068863820999 0.4419719151765835 -0.10887948201028264 -0.21248815996846954
1.2447154471544715 0.9037067933647791 0.4423193919183297 -0.10794488024290805 -0.21059559418528895
1.24765478424015 0.9042060455672034 0.4426662166981396 -0.10701177914953187 -0.20870751211625155
1.2505941213258285 0.9047046448049672 0.44301238993180037 -0.1060801738470408 -0.2068238901499058
1.253533458411507 0.9052025928859111 0.4433579120279387 -0.1051500594770706 -0.20494470483751842
1.256472795497186 0.9056998916101674 0.4437027833880085 -0.10422143120583038 -0.20306993289145878
1.2594121325828644 0.9061965427702041 0.4440470044062783 -0.1032942842239307 -0.20119955118360278
1.262351469668543 0.9066925481508696 0.4443905754698197 -0.10236861374621074 -0.19933353674375262
1.2652908067542215 0.9071879095294362 0.44473349695849196 -0.10144441501156815 -0.19747186675807757
1.2682301438399 0.9076826286756428 0.4450757692449299 -0.10052168328279136 -0.19561451856756942
1.2711694809255785 0.9081767073517403 0.44541739269452985 -0.09960041384639157 -0.19376146966651867
1.274108818011257 0.9086701473125322 0.4457583676654337 -0.09868060201243825 -0.19191269770100478
1.2770481550969355 0.9091629503054186 0.446098694508517 -0.09776224311439405 -0.19006818046740573
1.279987492182614 0.9096551180704378 0.4464383735673707 -0.09684533250895352 -0.18822789591092226
1.2829268292682925 0.9101466523403088 0.4467774051782876 -0.09592986557588061 -0.18639182212412114
1.2858661663539714 0.9106375548404727 0.4471157896702459 -0.0950158377178501 -0.18455993734549214
1.28880550343965 0.9111278272891337 0.4474535273648922 -0.09410324436028988 -0.18273221995802288
1.2917448405253285 0.9116174713973009 0.4477906185765258 -0.09319208095122287 -0.1809086484877879
1.294684177611007 0.9121064888688288 0.4481270636120804 -0.09228234296111244 -0.17908920160255468
1.2976235146966855 0.9125948814004577 0.4484628627711076 -0.09137402588270868 -0.1772738581104042
1.300562851782364 0.9130826506818539 0.448798016345758 -0.09046712523089565 -0.1754625969583669
1.3035021888680425 0.9135697983956497 0.4491325246207637 -0.0895616365425398 -0.1736553972310732
1.306441525953721 0.914056326217483 0.4494663878734186 -0.08865755537634055 -0.1718522381494192
1.3093808630393995 0.9145422358160368 0.44979960637355965 -0.08775487731268242 -0.17005309906924712
1.312320200125078 0.9150275288530779 0.45013218038354674 -0.0868535979534859 -0.16825795948003852
1.3152595372107565 0.9155122069834961 0.4504641101582435 -0.08595371292206357 -0.16646679900362266
1.3181988742964355 0.915996271855343 0.4507953959449955 -0.08505521786297417 -0.1646795973928998
1.321138211382114 0.9164797251098687 0.45112603798360995 -0.0841581084418803 -0.1628963345305763
1.3240775484677925 0.916962568381562 0.45145603650633515 -0.08326238034540553 -0.16111699042791316
1.327016885553471 0.9174448032981866 0.4517853917378363 -0.08236802928099364 -0.15934154522349026
1.3299562226391495 0.9179264314808186 0.45211410389517576 -0.08147505097676906 -0.15756997918198043
1.332895559724828 0.9184074545438847 0.4524421731877878 -0.08058344118139911 -0.15580227269293914
1.3358348968105065 0.9188878740951982 0.4527695998174579 -0.0796931956639561 -0.15403840626960544
1.338774233896185 0.9193676917359956 0.4530963839782968 -0.07880431021378106 -0.1522783605477161
1.3417135709818635 0.9198469090609737 0.45342252585671783 -0.07791678064035036 -0.15052211628433138
1.344652908067542 0.9203255276583253 0.45374802563141137 -0.07703060277313993 -0.14876965435667436
1.347592245153221 0.9208035491097752 0.4540728834733201 -0.07614577246149515 -0.14702095576098032
1.3505315822388995 0.9212809749906159 0.45439709954561325 -0.07526228557449738 -0.14527600161136078
1.353470919324578 0.9217578068697425 0.45472067400366123 -0.07438013800083515 -0.14353477313867555
1.3564102564102565 0.9222340463096892 0.45504360699500723 -0.07349932564867424 -0.1417972516894198
1.359349593495935 0.9227096948666623 0.45536589865934196 -0.07261984444553028 -0.14006341872462025
1.3622889305816135 0.9231847540905767 0.4556875491284753 -0.07174169033814104 -0.13833325581874373
1.365228267667292 0.9236592255250886 0.4560085585263083 -0.07086485929234192 -0.1366067446586168
1.3681676047529705 0.9241331107076319 0.45632892696880434 -0.06998934729293954 -0.13488386704235486
1.371106941838649 0.9246064111694499 0.4566486545639602 -0.06911515034358962 -0.13316460487830323
1.3740462789243275 0.9250791284356299 0.456967741411777 -0.06824226446667273 -0.13144894018398967
1.3769856160100065 0.9255512640251373 0.4572861876042277 -0.06737068570317421 -0.12973685508508492
1.379924953095685 0.9260228194508483 0.4576039932252304 -0.06650041011256298 -0.12802833181437598
1.3828642901813635 0.9264937962195827 0.45792115835061276 -0.06563143377267144 -0.12632335271074727
1.385803627267042 0.9269641958321373 0.4582376830480831 -0.06476375277957763 -0.12462190021817357
1.3887429643527205 0.9274340197833177 0.458553567377197 -0.0638973632474878 -0.12292395688472278
1.391682301438399 0.9279032695619718 0.4588688113893248 -0.06303226130861829 -0.12122950536156728
1.3946216385240775 0.9283719466510205 0.4591834151276167 -0.06216844311308207 -0.11953852840200463
1.397560975609756 0.928840052527491 0.45949737862697093 -0.061305904828772705 -0.11785100886049016
1.4005003126954345 0.9293075886625479 0.4598107019139979 -0.06044464264125106 -0.11616692969167625
1.403439649781113 0.9297745565215241 0.460123385006984 -0.05958465275363274 -0.1144862739494615
1.4063789868667915 0.9302409575639531 0.46043542791585823 -0.058725931386475416 -0.11280902478605026
1.4093183239524705 0.9307067932435998 0.46074683064215344 -0.05786847477766863 -0.11113516545101927
1.412257661038149 0.9311720650084909 0.46105759317897144 -0.057012279182324724 -0.10946467929039455
1.4151969981238275 0.9316367743009457 0.46136771551094263 -0.056157340872667966 -0.10779754974573554
1.418136335209506 0.9321009225576071 0.4616771976141908 -0.055303656137926996 -0.10613376035322905
1.4210756722951845 0.932564511209471 0.46198603945629246 -0.0544512212842281 -0.10447329474279128
1.424015009380863 0.9330275416819171 0.46229424099623695 -0.05360003263448842 -0.10281613663717802
1.4269543464665415 0.9334900153947383 0.46260180218438884 -0.05275008652831032 -0.10116226985110228
1.42989368355222 0.9339519337621698 0.4629087229624437 -0.05190137932187654 -0.09951167829036191
1.4328330206378985 0.9344132981929199 0.46321500326338927 -0.05105390738784729 -0.09786434595097401
1.435772357723577 0.9348741100901983 0.46352064301146234 -0.05020766711525624 -0.09622025691831568
1.438711694809256 0.9353343708517449 0.4638256421221064 -0.04936265490940809 -0.09457939536627542
1.4416510318949345 0.9357940818698595 0.46413000050192754 -0.04851886719177915 -0.09294174555641158
1.444590368980613 0.9362532445314298 0.46443371804865097 -0.04767630039991475 -0.0913072918371149
1.4475297060662915 0.9367118602179599 0.46473679465107587 -0.046834950987330044 -0.0896760186427834
1.45046904315197 0.9371699303055993 0.46503923018903004 -0.04599481542341244 -0.08804791049300129
1.4534083802376485 0.9376274561651698 0.4653410245333232 -0.045155890193321606 -0.08642295199172567
1.456347717323327 0.9380844391621947 0.46564217754570136 -0.04431817179789341 -0.0848011278264817
1.4592870544090055 0.9385408806569251 0.4659426890787974 -0.04348165675354301 -0.08318242276756234
1.462226391494684 0.9389967820043688 0.46624255897608347 -0.04264634159216869 -0.08156682166723737
1.4651657285803625 0.9394521445543165 0.4665417870718219 -0.04181222286105781 -0.07995430945896774
1.4681050656660415 0.9399069696513702 0.46684037319101507 -0.04097929712279159 -0.07834487115662708
1.47104440275172 0.9403612586349688 0.46713831714935566 -0.0401475609551523 -0.07673849185372908
1.4739837398373985 0.9408150128394162 0.4674356187531729 -0.039317010951030115 -0.0751351567226632
1.476923076923077 0.9412682335939068 0.46773227779938287 -0.03848764371833086 -0.07353485101393367
1.4798624140087555 0.9417209222225531 0.4680282940754337 -0.037659455879885576 -0.07193756005540881
1.482801751094434 0.9421730800444112 0.4683236673592528 -0.03683244407335874 -0.07034326925157217
1.4857410881801125 0.9426247083735071 0.4686183974191913 -0.03600660495115979 -0.0687519640827833
1.488680425265791 0.9430758085188626 0.46891248401396857 -0.035181935180352564 -0.06716363010454282
1.4916197623514695 0.9435263817845214 0.46920592689261786 -0.034358431442567554 -0.06557825294676327
1.494559099437148 0.9439764294695743 0.46949872579442525 -0.03353609043391471 -0.06399581831304642
1.4974984365228265 0.9444259528681853 0.4697908804488756 -0.03271490886489519 -0.062416311979966825
1.500437773608505 0.9448749532696157 0.4700823905755914 -0.031894883460314966 -0.06083971979635923
1.503377110694184 0.9453234319582506 0.47037325588427303 -0.031076010959200522 -0.05926602768261232
1.506316447779862 0.9457713902136229 0.47066347607463865 -0.030258288114712296 -0.057695221629970636
1.509255784865541 0.9462188293104384 0.47095305083636274 -0.0294417116940606 -0.056127287699835465
1.512195121951219 0.9466657505186005 0.4712419798490122 -0.02862627847842272 -0.05456221202307899
1.515134459036898 0.9471121551032351 0.4715302627819857 -0.027811985262858444 -0.052999980799355806
1.518073796122577 0.9475580443247132 0.47181789929444534 -0.026998828856228473 -0.051440580296426786
1.521013133208255 0.9480034194386777 0.4721048890352545 -0.02618680608111257 -0.049883996849483296
1.523952470293934 0.9484482816960653 0.47239123164291064 -0.025375913773727783 -0.04833021686047526
1.526891807379612 0.948892632343131 0.47267692674547673 -0.02456614878384866 -0.046779226797450585
1.529831144465291 0.9493364726214724 0.47296197396051487 -0.02375750797472591 -0.045231013193891736
1.532770481550969 0.949779803768052 0.4732463728950155 -0.02294998822300915 -0.04368556264806324
1.535709818636648 0.9502226270152223 0.47353012314532755 -0.02214358641866554 -0.04214286182235812
1.538649155722326 0.9506649435907468 0.47381322429708683 -0.02133829946490443 -0.040602897442654565
1.541588492808005 0.9511067547178258 0.47409567592514396 -0.020534124278097237 -0.039065656297672786
1.544527829893684 0.9515480616151171 0.47437747759349036 -0.019731057787701952 -0.037531125238338084
1.547467166979362 0.9519888654967594 0.47465862885518406 -0.018929096936186596 -0.035999291177149145
1.550406504065041 0.9524291675723963 0.4749391292522738 -0.018128238678952534 -0.03447014108754637
1.553345841150719 0.9528689690471963 0.47521897831572163 -0.017328479984260497 -0.03294366200329069
1.556285178236398 0.9533082711218783 0.47549817556532625 -0.016529817833154638 -0.031419841017840525
1.559224515322076 0.9537470749927307 0.47577672050964237 -0.015732249219389483 -0.029898665283737854
1.562163852407755 0.9541853818516359 0.47605461264590176 -0.014935771149355377 -0.028380122011993036
1.565103189493433 0.9546231928860908 0.4763318514599304 -0.014140380642006399 -0.026864198471477838
1.568042526579112 0.9550605092792295 0.4766084364260672 -0.013346074728787167 -0.025350881988320285
1.57098186366479 0.9554973322098443 0.4768843670070787 -0.012552850453561106 -0.023840159945303096
1.573921200750469 0.9559336628524082 0.477159642654076 -0.011760704872539081 -0.022332019781266026
1.576860537836148 0.9563695023770953 0.477434262806425 -0.010969635054208561 -0.020826448990512413
1.579799874921826 0.9568048519498018 0.4777082268916628 -0.010179638079263604 -0.01932343512221906
1.582739212007505 0.9572397127321695 0.47798153432540513 -0.009390711040534128 -0.017822965779845986
1.585678549093183 0.9576740858816033 0.4782541845112591 -0.008602851042917675 -0.01632502862055822
1.588617886178862 0.9581079725512957 0.4785261768407285 -0.007816055203308891 -0.014829611354639529
1.59155722326454 0.9585413738902441 0.47879751069312365 -0.007030320650534298 -0.013336701744919657
1.594496560350219 0.9589742910432745 0.479068185435466 -0.006245644525280609 -0.011846287606196049
1.597435897435897 0.9594067251510598 0.47933820042239106 -0.005462023980031257 -0.010358356804667658
1.600375234521576 0.9598386773501415 0.47960755499605384 -0.004679456178995909 -0.008872897257361045
1.603314571607254 0.960270148772949 0.4798762484860286 -0.0038979382980479354 -0.007389896931569826
1.606253908692933 0.9607011405478205 0.4801442802092085 -0.0031174675246548864 -0.005909343844289408
1.609193245778612 0.9611316537990222 0.4804116494697055 -0.0023380410578161216 -0.004431226061659837
1.61213258286429 0.9615616896467691 0.48067835555874594 -0.0015596561079961164 -0.0029555316984060014
1.615071919949969 0.9619912492072442 0.4809443977545672 -0.0007823098970607959 -0.0014822489172846868
1.618011257035647 0.9624203335926178 0.4812097753223107 -0.000005999658213550383 -0.000011365928535045682
1.620950594121326 0.9628489439110681 0.48147448751391425 0.001457129010675282 0.0007692773640685154
1.623889931207004 0.963277081266799 0.4817385335680034 0.002923247596793315 0.001543523914097321
1.626829268292683 0.9637047467600612 0.4820019127097805 0.004387001480426956 0.002316742725036652
1.629768605378361 0.9641319414871697 0.4822646241509103 0.00584840226688587 0.0030889365189638884
1.63270794246404 0.9645586665405241 0.4825266670894096 0.0073074615167230345 0.0038601080069322847
1.635647279549719 0.9649849230086267 0.48278804070952663 0.008764190746271106 0.0046302598890314755
1.638586616635397 0.9654107119761012 0.4830487441816268 0.010218601428178502 0.005399394854447878
1.641525953721076 0.9658360345237126 0.483308776662072 0.011670704991945422 0.006167515581527639
1.644465290806754 0.9662608917283841 0.48356813729309944 0.013120512824450805 0.006934624737832847
1.647404627892433 0.9666852846632175 0.48382682520269815 0.014568036270488062 0.0077007249802038364
1.650343964978111 0.9671092143975087 0.4840848395044848 0.016013286633287632 0.008465818954816967
1.65328330206379 0.9675326819967696 0.4843421792975775 0.01745627517504854 0.009229909297244085
1.656222639149468 0.9679556885227432 0.48459884366646455 0.018897013117458353 0.00999299863250924
1.659161976235147 0.9683782350334229 0.48485483168087684 0.020335511642221072 0.010755089575148839
1.6621013133208251 0.9688003225830704 0.48511014239565403 0.021771781891573923 0.011516184729266424
1.665040650406504 0.9692219522222336 0.48536477485060914 0.023205834968812282 0.01227628668859243
1.667979987492183 0.9696431249977634 0.4856187280703923 0.024637681938804435 0.013035398036538366
1.670919324577861 0.9700638419528325 0.4858720010643529 0.02606733382851142 0.013793521346253985
1.67385866166354 0.9704841041269521 0.4861245928263983 0.027494801627503073 0.01455065918068437
1.676797998749218 0.9709039125559892 0.4863765023348503 0.02892009628847198 0.015306814092622799
1.679737335834897 0.9713232682721851 0.48662772855230074 0.030343228727749735 0.016061988624768334
1.682676672920575 0.9717421723041705 0.4868782704254634 0.031764209825816354 0.016816185309778308
1.685616010006254 0.9721606256769848 0.4871281268850245 0.03318305042781635 0.017569406670324264
1.6885553470919321 0.9725786294120912 0.4873772968454918 0.03459976134406586 0.01832165521914451
1.691494684177611 0.9729961845273944 0.4876257792050388 0.03601435335056696 0.019072933459099273
1.6944340212632891 0.9734132920372577 0.48787357284534916 0.03742683718951323 0.01982324388322225
1.697373358348968 0.9738299529525194 0.4881206766314569 0.03883722356980301 0.020572588974774115
1.700312695434647 0.9742461682805086 0.48836708941158624 0.04024552316754418 0.02132097120729483
1.703252032520325 0.9746619390250626 0.4886128100169853 0.04165174662656223 0.022068393044655937
1.706191369606004 0.9750772661865433 0.488857837261762 0.04305590455891125 0.022814856941112106
1.709130706691682 0.9754921507618528 0.48910216994271277 0.04445800754537659 0.02356036534135202
1.712070043777361 0.9759065937444504 0.4893458068391532 0.04585806613598423 0.024304920680550474
1.7150093808630391 0.9763205961243673 0.4895887467127402 0.047256090850505875 0.025048525384417198
1.717948717948718 0.9767341588882246 0.4898309883072993 0.04865209217896699 0.02579118186924953
1.7208880550343961 0.9771472830192474 0.4900725303486401 0.05004608058215106 0.02653289254198026
1.723827392120075 0.9775599694972816 0.49031337154437615 0.05143806649210801 0.02727365980022871
1.726766729205754 0.9779722192988092 0.4905535105837393 0.05282806031265979 0.02801348603234871
1.729706066291432 0.978384033396964 0.49079294613738944 0.05421607241990589 0.02875237361747831
1.732645403377111 0.9787954127615475 0.49103167685722543 0.05560211316273332 0.02949032492558918
1.735584740462789 0.9792063583590433 0.49126970137618725 0.056986192863320184 0.03022734231753258
1.738524077548468 0.9796168711526342 0.4915070183080616 0.05836832181764661 0.030963428145090222
1.7414634146341461 0.9800269521022149 0.4917436262472785 0.05974851029600093 0.03169858475101928
1.744402751719825 0.9804366021644102 0.4919795237687092 0.06112676854348972 0.03243281446910129
1.7473420888055031 0.9808458222925874 0.49221470942745704 0.06250310678054533 0.03316611962418793
1.750281425891182 0.9812546134368731 0.4924491817586487 0.06387753520344025 0.033898502532249665
1.7532207629768601 0.9816629765441669 0.49268293927721785 0.06525006398479277 0.03462996550042
1.756160100062539 0.9820709125581573 0.49291598047768986 0.0666207032740845 0.03536051082704274
1.759099437148218 0.9824784224193355 0.49314830383396 0.06798946319816898 0.036090140801716644
1.762038774233896 0.9828855070650101 0.4933799077990685 0.06935635386178877 0.03681885770534246
1.764978111319575 0.9832921674293229 0.4936107908049723 0.07072138534809062 0.03754666381016668
1.7679174484052531 0.9836984044432613 0.49384095126231403 0.0720845677191405 0.038273561379826564
1.770856785490932 0.9841042190346749 0.4940703875601859 0.0734459110164444 0.03899955266939605
1.7737961225766101 0.984509612128288 0.49429909806588884 0.07480542526146494 0.03972463992542735
1.776735459662289 0.9849145846457152 0.49452708112469057 0.0761631204561464 0.04044882538599785
1.7796747967479671 0.985319137505474 0.4947543350595784 0.07751900658343393 0.041172111280751086
1.782614133833646 0.9857232716230007 0.4949808581710051 0.07887309360780229 0.04189449983094296
1.7855534709193241 0.9861269879106631 0.4952066487366369 0.08022539147577759 0.04261599324948081
1.788492808005003 0.986530287277775 0.4954317050110896 0.08157591011647117 0.04333659374097088
1.791432145090682 0.9869331706306093 0.49565602522566676 0.08292465944210754 0.04405630350175783
1.79437148217636 0.9873356388724124 0.49587960758809013 0.08427164934855663 0.044775124719966405
1.797310819262039 0.9877376929034183 0.49610245028222677 0.08561688971587299 0.045493059575546724
1.8002501563477171 0.9881393336208606 0.4963245514678108 0.086960390408828 0.04621011024031216
1.803189493433396 0.988540561918988 0.4965459092801607 0.08830216127745644 0.04692627887798369
1.8061288305190741 0.988941378689076 0.49676652182989267 0.08964221215759395 0.04764156764422893
1.809068167604753 0.9893417848194417 0.49698638720262833 0.0909805528714264 0.04835597868670456
1.8120075046904311 0.9897417811954556 0.4972055034586967 0.09231719322803676 0.04906951414509557
1.81494684177611 0.990141368699556 0.49742386863283394 0.09365214302395795 0.04978217615115686
1.817886178861789 0.9905405482112621 0.49764148073387426 0.09498541204372636 0.05049396682875232
1.820825515947467 0.9909393206071858 0.4978583377444378 0.09631701006044104 0.05120488829389494
1.823764853033146 0.9913376867610464 0.4980744376206129 0.09764694683632501 0.051914942654787403
1.8267041901188241 0.9917356475436823 0.49828977829163273 0.09897523212328864 0.052624132011858865
1.829643527204503 0.9921332038230642 0.4985043576595458 0.10030187566350209 0.053332458457807236
1.8325828642901811 0.9925303564643082 0.4987181735988818 0.10162688718996225 0.05403992407763515
1.83552220137586 0.9929271063296876 0.4989312239563104 0.10295027642707455 0.05474653094869043
1.8384615384615381 0.9933234542786467 0.4991435065502948 0.10427205309122824 0.05545228114070269
1.841400875547217 0.9937194011678128 0.4993550191707402 0.1055922268913862 0.05615717671582362
1.8443402126328952 0.9941149478510077 0.49956575957863303 0.1069108075296684 0.05686121972866261
1.847279549718574 0.9945100951792627 0.49977572550567717 0.10822780470195059 0.05756441222632538
1.850218886804253 0.9949048440008276 0.4999849146539226 0.10954322809845744 0.05826675624845136
1.8531582238899311 0.9952991951611855 0.500193324695386 0.11085708740436818 0.05896825382725005
1.85609756097561 0.9956931495030645 0.500400953271667 0.11216939230042564 0.05966890698753948
1.8590368980612881 0.996086707866449 0.5006077979935556 0.1134801524635437 0.06036871774678033
1.861976235146967 0.9964798710885925 0.5008138564406333 0.11478937756743356 0.0610676881151151
1.8649155722326451 0.9968726400040292 0.5010191261608681 0.11609707728321791 0.06176582009540146
1.867854909318324 0.9972650154445866 0.5012236046702 0.11740326128006938 0.06246311568325122
1.8707942464040022 0.9976569982393964 0.5014272894521206 0.11870793922583765 0.06315957686706275
1.873733583489681 0.9980485892149072 0.5016301779572445 0.12001112078769668 0.06385520562805982
1.8766729205753592 0.9984397891948956 0.5018322676028736 0.12131281563278605 0.0645500039403234
1.8796122576610381 0.9988305990004784 0.5020335557725513 0.12261303342886992 0.06524397377083022
1.882551594746717 0.9992210194501238 0.5022340398156122 0.12391178384499334 0.06593711707948419
1.8854909318323951 0.9996110513596628 0.5024337170467194 0.1252090765521492 0.06662943581915341
1.888430268918074 1.0000006955423015 0.5026325847453958 0.12650492122395443 0.06732093193570395
1.8913696060037521 1.0003899528086322 0.5028306401555462 0.12779932753732673 0.06801160736803333
1.894308943089431 1.0007788239666433 0.5030278804849712 0.12909230517317632 0.06870146404810512
1.8972482801751092 1.0011673098217335 0.5032243029048686 0.13038386381709874 0.06939050390098245
1.900187617260788 1.0015554111767204 0.5034199045493299 0.13167401316008145 0.07007872884486185
1.9031269543464662 1.0019431288318525 0.503614682514826 0.13296276289920975 0.07076614079110569
1.9060662914321451 1.0023304635848216 0.5038086338596807 0.1342501227383931 0.07145274164427619
1.909005628517824 1.0027174162307715 0.5040017556035368 0.135536102389088 0.07213853330216846
1.9119449656035021 1.003103987562311 0.5041940447268113 0.13682071157103742 0.07282351765584194
1.914884302689181 1.0034901783695234 0.5043854981701403 0.13810396001301456 0.07350769658965452
1.9178236397748591 1.0038759894399785 0.5045761128338133 0.13938585745357956 0.0741910719812932
1.920762976860538 1.0042614215587433 0.5047658855771955 0.1406664136418432 0.07487364570180781
1.9237023139462162 1.0046464755083915 0.5049548132181394 0.14194563833824056 0.07555541961564155
1.926641651031895 1.0050311520690158 0.5051428925323879 0.14322354131531587 0.07623639558066386
1.9295809881175732 1.0054154520182375 0.50533012025296 0.14450013235851494 0.07691657544820024
1.9325203252032521 1.0057993761312174 0.505516493069529 0.14577542126699386 0.07759596106306632
1.9354596622889302 1.0061829251806667 0.5057020076277878 0.14704941785443024 0.07827455426359574
1.9383989993746091 1.0065660999368566 0.5058866605287997 0.14832213194985513 0.07895235688167382
1.941338336460288 1.0069489011676294 0.5060704483283391 0.14959357339848678 0.07962937074276628
1.9442776735459661 1.0073313296384088 0.5062533675362145 0.15086375206258326 0.0803055976659508
1.947217010631645 1.00771338611221 0.5064354146155856 0.15213267782230686 0.08098103946394836
1.9501563477173232 1.00809507134965 0.506616585982258 0.153400360576594 0.08165569794315033
1.953095684803002 1.0084763861089576 0.5067968780039699 0.15466681024404838 0.08232957490365289
1.9560350218886802 1.0088573311459843 0.5069762869996618 0.1559320367638367 0.08300267213928213
1.9589743589743591 1.0092379072142128 0.5071548092387324 0.1571960500966084 0.08367499143762779
1.9619136960600372 1.0096181150647694 0.5073324409402764 0.15845886022541988 0.08434653458006958
1.9648530331457161 1.0099979554464313 0.5075091782723126 0.15972047715667895 0.0850173033418089
1.9677923702313942 1.0103774291056387 0.5076850173509897 0.16098091092110223 0.08568729949189603
1.9707317073170731 1.010756536786503 0.5078599542397794 0.16224017157468776 0.0863565247932604
1.973671044402752 1.0111352792308188 0.5080339849486517 0.16349826919970228 0.08702498100273905
1.9766103814884302 1.0115136571780705 0.5082071054332338 0.1647552139056852 0.08769266987110398
1.979549718574109 1.0118916713654453 0.5083793115939501 0.16601101583047082 0.08835959314309252
1.9824890556597872 1.01226932252784 0.5085505992751442 0.1672656851412232 0.08902575255743446
1.9854283927454661 1.0126466113978734 0.5087209642641846 0.16851923203549352 0.08969114984688029
1.9883677298311442 1.0130235387058932 0.5088904022905469 0.16977166674228988 0.09035578673822894
1.9913070669168231 1.0134001051799872 0.5090589090248829 0.17102299952317038 0.09101966495235611
1.9942464040025012 1.0137763115459923 0.5092264800780626 0.1722732406733504 0.09168278620424074
1.9971857410881801 1.0141521585275037 0.5093931110002021 0.1735224005228353 0.0923451522029943
2.000125078173859 1.0145276468458844 0.5095587972796644 0.17477048943756537 0.09300676465188544
2.003064415259537 1.0149027772202748 0.5097235343420448 0.17601751782058758 0.09366762524836958
2.006003752345216 1.0152775503676015 0.5098873175491281 0.17726349611324757 0.09432773568411452
2.008943089430894 1.0156519670025863 0.5100501421978286 0.17850843479639775 0.09498709764502675
2.011882426516573 1.016026027837757 0.5102120035191016 0.17975234439163584 0.09564571281128027
2.014821763602251 1.0163997335834538 0.510372896676835 0.18099523546256005 0.09630358285734003
2.01776110068793 1.0167730849478407 0.5105328167667137 0.18223711861605166 0.09696070945199069
2.020700437773608 1.0171460826369132 0.5106917588150592 0.1834780045035776 0.09761709425836099
2.023639774859287 1.0175187273545083 0.5108497177776445 0.18471790382252518 0.09827273893395172
2.026579111944965 1.0178910198023123 0.5110066885384809 0.185956827317553 0.0989276451306591
2.029518449030644 1.0182629606798708 0.5111626659085771 0.18719478578197732 0.09958181449480276
2.032457786116323 1.0186345506845957 0.5113176446246719 0.18843179005917848 0.10023524866714978
2.035397123202001 1.019005790511777 0.5114716193479351 0.18966785104404066 0.10088794928294025
2.03833646028768 1.019376680854589 0.5116245846626426 0.19090297968441786 0.10153991797191404
2.041275797373358 1.0197472224040989 0.5117765350748155 0.19213718698262747 0.10219115635833313
2.044215134459037 1.0201174158492776 0.5119274650108335 0.19337048399697987 0.10284166606100957
2.047154471544715 1.0204872618770067 0.5120773688160111 0.19460288184333335 0.10349144869332737
2.050093808630394 1.0208567611720871 0.5122262407531447 0.19583439169668723 0.10414050586326999
2.053033145716072 1.0212259144172475 0.5123740750010204 0.19706502479280164 0.10478883917344252
2.055972482801751 1.0215947222931545 0.5125208656528919 0.1982947924298586 0.10543645022109724
2.058911819887429 1.021963185478418 0.5126666067149185 0.19952370597015187 0.10608334059815779
2.061851156973108 1.0223313046496025 0.5128112921045668 0.2007517768418202 0.10672951189124294
2.064790494058787 1.022699080481234 0.5129549156489754 0.2019790165406091 0.10737496568169076
2.067729831144465 1.023066513645808 0.5130974710832777 0.20320543663168045 0.10801970354558176
2.070669168230144 1.0234336048137989 0.5132389520488857 0.20443104875145557 0.10866372705376436
2.073608505315822 1.0238003546536671 0.5133793520917306 0.20565586460950142 0.10930703777187573
2.076547842401501 1.0241667638318683 0.5135186646604626 0.2068798959904603 0.10994963726036822
2.079487179487179 1.0245328330128602 0.5136568831046031 0.2081031547560189 0.11059152707452974
2.082426516572858 1.0248985628591125 0.513794000672654 0.2093256528469286 0.11123270876450925
2.085365853658536 1.0252639540311124 0.5139300105101574 0.21054740228506524 0.11187318387533823
2.088305190744215 1.0256290071873753 0.5140649056577091 0.2117684151755429 0.11251295394695449
2.091244527829894 1.0259937229844507 0.514198679048921 0.21298870370887002 0.11315202051422413
2.094183864915572 1.0263581020769312 0.5143313235083293 0.21420828016316396 0.1137903851069646
2.097123202001251 1.0267221451174606 0.5144628317492554 0.21542715690641104 0.1144280492499675
2.100062539086929 1.0270858527567404 0.5145931963716057 0.21664534639878547 0.11506501446301987
2.103001876172608 1.0274492256435388 0.5147224098596193 0.21786286119502224 0.11570128226092818
2.105941213258286 1.027812264424698 0.5148504645795544 0.219079713946845 0.11633685415353819
2.108880550343965 1.0281749697451432 0.5149773527773163 0.22029591740545879 0.11697173164575937
2.111819887429643 1.0285373422478874 0.5151030665760228 0.22151148442409913 0.11760591623758399
2.114759224515322 1.0288993825740416 0.5152275979735053 0.22272642796064798 0.11823940942411205
2.1176985616010002 1.0292610913628217 0.5153509388397423 0.22394076108031055 0.11887221269556991
2.120637898686679 1.0296224692515559 0.5154730809142292 0.22515449695836656 0.11950432753733375
2.123577235772358 1.0299835168756921 0.515594015803271 0.22636764888298438 0.12013575542995014
2.126516572858036 1.0303442348688057 0.515713734977208 0.22758023025810936 0.12076649784915695
2.129455909943715 1.030704623862607 0.515832229767561 0.22879225460643232 0.12139655626590583
2.132395247029393 1.0310646844869487 0.5159494913641048 0.23000373557242332 0.12202593214638147
2.135334584115072 1.0314244173698328 0.5160655108118566 0.23121468692545785 0.12265462695202423
2.13827392120075 1.0317838231374186 0.5161802790079804 0.232425122563015 0.12328264213954902
2.141213258286429 1.0321429024140296 0.5162937866986129 0.2336350565139679 0.12390997916096798
2.1441525953721072 1.0325016558221607 0.5164060244755897 0.23484450294195763 0.12453663946360925
2.147091932457786 1.032860083982486 0.5165169827730911 0.23605347614886074 0.12516262449013923
2.1500312695434642 1.033218187513865 0.5166266518641838 0.23726199057834993 0.1257879356785802
2.152970606629143 1.0335759670333515 0.5167350218572686 0.2384700608195528 0.12641257446233414
2.155909943714822 1.0339334231561983 0.5168420826924278 0.23967770161081028 0.1270365422701994
2.1588492808005 1.034290556495866 0.5169478241376622 0.24088492784354176 0.12765984052639254
2.161788617886179 1.0346473676640304 0.5170522357850249 0.24209175456621723 0.12828247065056836
2.164727954971857 1.0350038572705877 0.5171553070466387 0.24329819698844057 0.1289044340578382
2.167667292057536 1.0353600259236635 0.5172570271505962 0.24450427048515125 0.12952573215879123
2.1706066291432142 1.0357158742296178 0.5173573851367428 0.24570999060094365 0.13014636635951274
2.173545966228893 1.036071402793054 0.5174563698523308 0.24691537305451522 0.13076633806160498
2.1764853033145712 1.036426612216824 0.5175539699475423 0.24812043374323847 0.1313856486622048
2.17942464040025 1.036781503102036 0.5176501738708821 0.24932518874787252 0.13200429955400372
2.182363977485929 1.0371360760480615 0.5177449698644274 0.2505296543374091 0.13262229212526777
2.185303314571607 1.0374903316525401 0.5178383459589329 0.2517338469740664 0.13323962775985443
2.188242651657286 1.0378442705113902 0.5179302899687854 0.2529377833184306 0.13385630783723457
2.191181988742964 1.0381978932188114 0.5180207894868044 0.2541414802347529 0.13447233373250791
2.194121325828643 1.038551200367294 0.5181098318788772 0.2553449547964112 0.13508770681642496
2.1970606629143212 1.0389041925476246 0.518197404278431 0.25654822429153057 0.13570242845540256
2.2 1.039256870348893 0.5182834935807235 0.25775130622879006 0.13631650001154474
